REGION,SETTLEMENTDATE,TOTALDEMAND,RRP,PERIODTYPE
VIC1,2020/10/01 00:30:00,4670.4,39.09,TRADE
VIC1,2020/10/01 01:00:00,4513.84,38.39,TRADE
VIC1,2020/10/01 01:30:00,4329.71,36.46,TRADE
VIC1,2020/10/01 02:00:00,4146.21,35.79,TRADE
VIC1,2020/10/01 02:30:00,4003.9,33.65,TRADE
VIC1,2020/10/01 03:00:00,3883.99,30.36,TRADE
VIC1,2020/10/01 03:30:00,3803.84,30.90,TRADE
VIC1,2020/10/01 04:00:00,3845.66,30.58,TRADE
VIC1,2020/10/01 04:30:00,3901.61,32.11,TRADE
VIC1,2020/10/01 05:00:00,3962.77,34.37,TRADE
VIC1,2020/10/01 05:30:00,4159.89,37.33,TRADE
VIC1,2020/10/01 06:00:00,4349.67,39.94,TRADE
VIC1,2020/10/01 06:30:00,4652.33,50.23,TRADE
VIC1,2020/10/01 07:00:00,4785.24,41.63,TRADE
VIC1,2020/10/01 07:30:00,4840.02,40,TRADE
VIC1,2020/10/01 08:00:00,4886.21,40.05,TRADE
VIC1,2020/10/01 08:30:00,4823.65,40.01,TRADE
VIC1,2020/10/01 09:00:00,4677.42,32.87,TRADE
VIC1,2020/10/01 09:30:00,4555.65,33.99,TRADE
VIC1,2020/10/01 10:00:00,4388.46,27.51,TRADE
VIC1,2020/10/01 10:30:00,4177.25,28.85,TRADE
VIC1,2020/10/01 11:00:00,4075.69,11.22,TRADE
VIC1,2020/10/01 11:30:00,3982.4,3.83,TRADE
VIC1,2020/10/01 12:00:00,3995.01,8.78,TRADE
VIC1,2020/10/01 12:30:00,3960.07,6.03,TRADE
VIC1,2020/10/01 13:00:00,3874.91,4.18,TRADE
VIC1,2020/10/01 13:30:00,3732.48,-6.31,TRADE
VIC1,2020/10/01 14:00:00,3709.51,-35.29,TRADE
VIC1,2020/10/01 14:30:00,3686.05,-36.66,TRADE
VIC1,2020/10/01 15:00:00,3717.91,-35.03,TRADE
VIC1,2020/10/01 15:30:00,3772.59,-28.05,TRADE
VIC1,2020/10/01 16:00:00,3965.82,-6.56,TRADE
VIC1,2020/10/01 16:30:00,4191.31,23.48,TRADE
VIC1,2020/10/01 17:00:00,4441.26,35.02,TRADE
VIC1,2020/10/01 17:30:00,4806.06,37.09,TRADE
VIC1,2020/10/01 18:00:00,5098.44,42.96,TRADE
VIC1,2020/10/01 18:30:00,5345.9,142.76,TRADE
VIC1,2020/10/01 19:00:00,5536.92,182.55,TRADE
VIC1,2020/10/01 19:30:00,5547.56,58.87,TRADE
VIC1,2020/10/01 20:00:00,5404.33,50.68,TRADE
VIC1,2020/10/01 20:30:00,5277.41,43.63,TRADE
VIC1,2020/10/01 21:00:00,5145.51,38.60,TRADE
VIC1,2020/10/01 21:30:00,5032.58,35.96,TRADE
VIC1,2020/10/01 22:00:00,4904.25,35.13,TRADE
VIC1,2020/10/01 22:30:00,4715.23,38.35,TRADE
VIC1,2020/10/01 23:00:00,4566.56,34.12,TRADE
VIC1,2020/10/01 23:30:00,4636.28,35.24,TRADE
VIC1,2020/10/02 00:00:00,4682.82,34.44,TRADE
VIC1,2020/10/02 00:30:00,4497.31,19.77,TRADE
VIC1,2020/10/02 01:00:00,4320.44,33.97,TRADE
VIC1,2020/10/02 01:30:00,4209.87,13.81,TRADE
VIC1,2020/10/02 02:00:00,3968.8,-30.15,TRADE
VIC1,2020/10/02 02:30:00,3828.49,-38.51,TRADE
VIC1,2020/10/02 03:00:00,3744.76,-38.73,TRADE
VIC1,2020/10/02 03:30:00,3660.92,-41.59,TRADE
VIC1,2020/10/02 04:00:00,3644.5,-43.50,TRADE
VIC1,2020/10/02 04:30:00,3628.73,-41.75,TRADE
VIC1,2020/10/02 05:00:00,3656.66,-42.12,TRADE
VIC1,2020/10/02 05:30:00,3803.68,-38.70,TRADE
VIC1,2020/10/02 06:00:00,3966.13,-37,TRADE
VIC1,2020/10/02 06:30:00,4265.33,-13.46,TRADE
VIC1,2020/10/02 07:00:00,4416.97,-1.09,TRADE
VIC1,2020/10/02 07:30:00,4397.97,-8.09,TRADE
VIC1,2020/10/02 08:00:00,4425.3,-20.61,TRADE
VIC1,2020/10/02 08:30:00,4317.78,-1.07,TRADE
VIC1,2020/10/02 09:00:00,4172.36,-29.23,TRADE
VIC1,2020/10/02 09:30:00,4002.31,-35.95,TRADE
VIC1,2020/10/02 10:00:00,3796.48,-8.82,TRADE
VIC1,2020/10/02 10:30:00,3560.95,-64.31,TRADE
VIC1,2020/10/02 11:00:00,3482.79,-55.89,TRADE
VIC1,2020/10/02 11:30:00,3415.53,-47.77,TRADE
VIC1,2020/10/02 12:00:00,3359.41,-58.15,TRADE
VIC1,2020/10/02 12:30:00,3437.62,-45.01,TRADE
VIC1,2020/10/02 13:00:00,3463.16,-43.69,TRADE
VIC1,2020/10/02 13:30:00,3488.92,-42.80,TRADE
VIC1,2020/10/02 14:00:00,3543.53,-35.82,TRADE
VIC1,2020/10/02 14:30:00,3653.35,-18.68,TRADE
VIC1,2020/10/02 15:00:00,3779.33,-21.54,TRADE
VIC1,2020/10/02 15:30:00,3918.6,-15.76,TRADE
VIC1,2020/10/02 16:00:00,4073.29,-9.36,TRADE
VIC1,2020/10/02 16:30:00,4405.49,33.91,TRADE
VIC1,2020/10/02 17:00:00,4609.15,32.91,TRADE
VIC1,2020/10/02 17:30:00,4850.11,35.25,TRADE
VIC1,2020/10/02 18:00:00,4991.33,34.85,TRADE
VIC1,2020/10/02 18:30:00,5036.4,30.22,TRADE
VIC1,2020/10/02 19:00:00,5115.29,37.70,TRADE
VIC1,2020/10/02 19:30:00,5101.62,33.26,TRADE
VIC1,2020/10/02 20:00:00,4999.69,33,TRADE
VIC1,2020/10/02 20:30:00,4802.06,33,TRADE
VIC1,2020/10/02 21:00:00,4641.11,30.61,TRADE
VIC1,2020/10/02 21:30:00,4496.15,20.03,TRADE
VIC1,2020/10/02 22:00:00,4432.38,6.55,TRADE
VIC1,2020/10/02 22:30:00,4321.54,-10.77,TRADE
VIC1,2020/10/02 23:00:00,4299.38,0.64,TRADE
VIC1,2020/10/02 23:30:00,4485.88,13.94,TRADE
VIC1,2020/10/03 00:00:00,4481.78,20.86,TRADE
VIC1,2020/10/03 00:30:00,4308.78,-8.32,TRADE
VIC1,2020/10/03 01:00:00,4147.2,-17.49,TRADE
VIC1,2020/10/03 01:30:00,4021.3,-20.62,TRADE
VIC1,2020/10/03 02:00:00,3846.39,-41.78,TRADE
VIC1,2020/10/03 02:30:00,3663.87,-42.08,TRADE
VIC1,2020/10/03 03:00:00,3588.5,-8.08,TRADE
VIC1,2020/10/03 03:30:00,3483.9,-42.09,TRADE
VIC1,2020/10/03 04:00:00,3416.03,-45.60,TRADE
VIC1,2020/10/03 04:30:00,3361.52,-47.82,TRADE
VIC1,2020/10/03 05:00:00,3349.05,-46.78,TRADE
VIC1,2020/10/03 05:30:00,3367.61,-46.24,TRADE
VIC1,2020/10/03 06:00:00,3352.38,-45.57,TRADE
VIC1,2020/10/03 06:30:00,3384.93,-45.42,TRADE
VIC1,2020/10/03 07:00:00,3421.97,-47.81,TRADE
VIC1,2020/10/03 07:30:00,3326.49,-40.01,TRADE
VIC1,2020/10/03 08:00:00,3298.75,-43.05,TRADE
VIC1,2020/10/03 08:30:00,3262.34,-32.66,TRADE
VIC1,2020/10/03 09:00:00,3209.73,-40.19,TRADE
VIC1,2020/10/03 09:30:00,3148.64,-40.43,TRADE
VIC1,2020/10/03 10:00:00,3073.81,-45.48,TRADE
VIC1,2020/10/03 10:30:00,3058.84,-37.71,TRADE
VIC1,2020/10/03 11:00:00,3078.33,-37.10,TRADE
VIC1,2020/10/03 11:30:00,3085.94,-28.55,TRADE
VIC1,2020/10/03 12:00:00,3185.27,-38.67,TRADE
VIC1,2020/10/03 12:30:00,3258.66,-39.55,TRADE
VIC1,2020/10/03 13:00:00,3376.13,-13.81,TRADE
VIC1,2020/10/03 13:30:00,3434.56,-15.09,TRADE
VIC1,2020/10/03 14:00:00,3601.56,13.28,TRADE
VIC1,2020/10/03 14:30:00,3642.24,7.77,TRADE
VIC1,2020/10/03 15:00:00,3716.67,8.55,TRADE
VIC1,2020/10/03 15:30:00,3776.11,-0.67,TRADE
VIC1,2020/10/03 16:00:00,3920.95,16.15,TRADE
VIC1,2020/10/03 16:30:00,4132.22,28.83,TRADE
VIC1,2020/10/03 17:00:00,4420.71,35.62,TRADE
VIC1,2020/10/03 17:30:00,4681.69,35.36,TRADE
VIC1,2020/10/03 18:00:00,4898.82,37.23,TRADE
VIC1,2020/10/03 18:30:00,5001.03,39.90,TRADE
VIC1,2020/10/03 19:00:00,5077.33,43.44,TRADE
VIC1,2020/10/03 19:30:00,4950.91,40.90,TRADE
VIC1,2020/10/03 20:00:00,4832.6,38.59,TRADE
VIC1,2020/10/03 20:30:00,4704.48,37.74,TRADE
VIC1,2020/10/03 21:00:00,4534.65,33.15,TRADE
VIC1,2020/10/03 21:30:00,4421.1,33.19,TRADE
VIC1,2020/10/03 22:00:00,4380.34,37.71,TRADE
VIC1,2020/10/03 22:30:00,4268.65,38.47,TRADE
VIC1,2020/10/03 23:00:00,4219.51,39.12,TRADE
VIC1,2020/10/03 23:30:00,4379.78,44.71,TRADE
VIC1,2020/10/04 00:00:00,4346.08,43.82,TRADE
VIC1,2020/10/04 00:30:00,4146.95,37.46,TRADE
VIC1,2020/10/04 01:00:00,3993,34.90,TRADE
VIC1,2020/10/04 01:30:00,3908.32,34.44,TRADE
VIC1,2020/10/04 02:00:00,3777.29,31.19,TRADE
VIC1,2020/10/04 02:30:00,3604.48,30.98,TRADE
VIC1,2020/10/04 03:00:00,3510.78,33.43,TRADE
VIC1,2020/10/04 03:30:00,3464.77,36.36,TRADE
VIC1,2020/10/04 04:00:00,3427.08,37.68,TRADE
VIC1,2020/10/04 04:30:00,3445.8,37.58,TRADE
VIC1,2020/10/04 05:00:00,3458.85,37.57,TRADE
VIC1,2020/10/04 05:30:00,3549.88,35.56,TRADE
VIC1,2020/10/04 06:00:00,3570.38,35.81,TRADE
VIC1,2020/10/04 06:30:00,3588.28,32.85,TRADE
VIC1,2020/10/04 07:00:00,3598.78,32.85,TRADE
VIC1,2020/10/04 07:30:00,3573.1,26.28,TRADE
VIC1,2020/10/04 08:00:00,3644.45,13.84,TRADE
VIC1,2020/10/04 08:30:00,3700.65,28.57,TRADE
VIC1,2020/10/04 09:00:00,3612.7,22.71,TRADE
VIC1,2020/10/04 09:30:00,3639.27,12.69,TRADE
VIC1,2020/10/04 10:00:00,3655.36,0.83,TRADE
VIC1,2020/10/04 10:30:00,3692.29,0,TRADE
VIC1,2020/10/04 11:00:00,3855.05,18.34,TRADE
VIC1,2020/10/04 11:30:00,3906.15,23.35,TRADE
VIC1,2020/10/04 12:00:00,3954.04,18.48,TRADE
VIC1,2020/10/04 12:30:00,3796.42,21.27,TRADE
VIC1,2020/10/04 13:00:00,3681.51,3.49,TRADE
VIC1,2020/10/04 13:30:00,3571.53,0,TRADE
VIC1,2020/10/04 14:00:00,3536.15,11.76,TRADE
VIC1,2020/10/04 14:30:00,3648.26,31.62,TRADE
VIC1,2020/10/04 15:00:00,3889.67,39.88,TRADE
VIC1,2020/10/04 15:30:00,4089.65,34.68,TRADE
VIC1,2020/10/04 16:00:00,4254.18,31.78,TRADE
VIC1,2020/10/04 16:30:00,4422.92,46.99,TRADE
VIC1,2020/10/04 17:00:00,4608.15,37.02,TRADE
VIC1,2020/10/04 17:30:00,4710.38,34.50,TRADE
VIC1,2020/10/04 18:00:00,4791.73,17.82,TRADE
VIC1,2020/10/04 18:30:00,4806.45,35.39,TRADE
VIC1,2020/10/04 19:00:00,4787.94,39.77,TRADE
VIC1,2020/10/04 19:30:00,4665.75,35.30,TRADE
VIC1,2020/10/04 20:00:00,4488.62,18.36,TRADE
VIC1,2020/10/04 20:30:00,4264.71,5.20,TRADE
VIC1,2020/10/04 21:00:00,4127.8,12.26,TRADE
VIC1,2020/10/04 21:30:00,4021.88,10.47,TRADE
VIC1,2020/10/04 22:00:00,3907.28,9.19,TRADE
VIC1,2020/10/04 22:30:00,3771.22,1.35,TRADE
VIC1,2020/10/04 23:00:00,3737.32,-0.48,TRADE
VIC1,2020/10/04 23:30:00,3959.83,11.95,TRADE
VIC1,2020/10/05 00:00:00,4046.72,28.19,TRADE
VIC1,2020/10/05 00:30:00,3981.03,10.96,TRADE
VIC1,2020/10/05 01:00:00,3853.21,16.32,TRADE
VIC1,2020/10/05 01:30:00,3715.16,1.57,TRADE
VIC1,2020/10/05 02:00:00,3585.28,-6.31,TRADE
VIC1,2020/10/05 02:30:00,3510.14,-12.70,TRADE
VIC1,2020/10/05 03:00:00,3474.64,-3.94,TRADE
VIC1,2020/10/05 03:30:00,3475.25,-3.04,TRADE
VIC1,2020/10/05 04:00:00,3512.48,3.27,TRADE
VIC1,2020/10/05 04:30:00,3651.72,9.14,TRADE
VIC1,2020/10/05 05:00:00,3800.72,15.76,TRADE
VIC1,2020/10/05 05:30:00,4103.44,33.70,TRADE
VIC1,2020/10/05 06:00:00,4423.47,35.78,TRADE
VIC1,2020/10/05 06:30:00,4773.18,36.19,TRADE
VIC1,2020/10/05 07:00:00,5089.63,47.61,TRADE
VIC1,2020/10/05 07:30:00,5237.61,39.62,TRADE
VIC1,2020/10/05 08:00:00,5405.07,42.44,TRADE
VIC1,2020/10/05 08:30:00,5525.85,38.67,TRADE
VIC1,2020/10/05 09:00:00,5465.23,40.03,TRADE
VIC1,2020/10/05 09:30:00,5368.11,46.13,TRADE
VIC1,2020/10/05 10:00:00,5291.22,40.70,TRADE
VIC1,2020/10/05 10:30:00,5235.83,35.94,TRADE
VIC1,2020/10/05 11:00:00,5168.02,31.94,TRADE
VIC1,2020/10/05 11:30:00,5063.04,34,TRADE
VIC1,2020/10/05 12:00:00,4965.12,32.55,TRADE
VIC1,2020/10/05 12:30:00,4891.3,33.47,TRADE
VIC1,2020/10/05 13:00:00,4809.3,33.19,TRADE
VIC1,2020/10/05 13:30:00,4784.64,33.88,TRADE
VIC1,2020/10/05 14:00:00,4644.46,26.70,TRADE
VIC1,2020/10/05 14:30:00,4646.17,33.96,TRADE
VIC1,2020/10/05 15:00:00,4700.35,37.45,TRADE
VIC1,2020/10/05 15:30:00,4786.39,43.31,TRADE
VIC1,2020/10/05 16:00:00,5008.42,41.10,TRADE
VIC1,2020/10/05 16:30:00,5201.56,39.62,TRADE
VIC1,2020/10/05 17:00:00,5422.49,70.98,TRADE
VIC1,2020/10/05 17:30:00,5529.06,102.06,TRADE
VIC1,2020/10/05 18:00:00,5627.08,59.48,TRADE
VIC1,2020/10/05 18:30:00,5596.99,52.64,TRADE
VIC1,2020/10/05 19:00:00,5682.67,69.04,TRADE
VIC1,2020/10/05 19:30:00,5602.28,52.61,TRADE
VIC1,2020/10/05 20:00:00,5409.7,48.02,TRADE
VIC1,2020/10/05 20:30:00,5240.13,46.77,TRADE
VIC1,2020/10/05 21:00:00,5053.41,44.22,TRADE
VIC1,2020/10/05 21:30:00,4801.28,38.87,TRADE
VIC1,2020/10/05 22:00:00,4694.57,37.16,TRADE
VIC1,2020/10/05 22:30:00,4457.46,38.03,TRADE
VIC1,2020/10/05 23:00:00,4367.04,29.83,TRADE
VIC1,2020/10/05 23:30:00,4542.14,36.49,TRADE
VIC1,2020/10/06 00:00:00,4543.69,41.41,TRADE
VIC1,2020/10/06 00:30:00,4448.97,40.14,TRADE
VIC1,2020/10/06 01:00:00,4287.65,27.93,TRADE
VIC1,2020/10/06 01:30:00,4158.59,2.80,TRADE
VIC1,2020/10/06 02:00:00,4013.12,6.68,TRADE
VIC1,2020/10/06 02:30:00,3903.26,2.98,TRADE
VIC1,2020/10/06 03:00:00,3877.46,8.69,TRADE
VIC1,2020/10/06 03:30:00,3898.04,8.08,TRADE
VIC1,2020/10/06 04:00:00,3879.7,7.83,TRADE
VIC1,2020/10/06 04:30:00,4031.36,35.99,TRADE
VIC1,2020/10/06 05:00:00,4124.43,9.68,TRADE
VIC1,2020/10/06 05:30:00,4492.06,39.74,TRADE
VIC1,2020/10/06 06:00:00,4818.51,56.67,TRADE
VIC1,2020/10/06 06:30:00,5191.03,65.77,TRADE
VIC1,2020/10/06 07:00:00,5552.27,139.61,TRADE
VIC1,2020/10/06 07:30:00,5610.16,69.89,TRADE
VIC1,2020/10/06 08:00:00,5617.97,178.18,TRADE
VIC1,2020/10/06 08:30:00,5597.88,278.47,TRADE
VIC1,2020/10/06 09:00:00,5478.93,64.22,TRADE
VIC1,2020/10/06 09:30:00,5365.57,49.34,TRADE
VIC1,2020/10/06 10:00:00,5397.17,50.76,TRADE
VIC1,2020/10/06 10:30:00,5216.36,42.68,TRADE
VIC1,2020/10/06 11:00:00,5100.57,26.33,TRADE
VIC1,2020/10/06 11:30:00,5163.87,57.44,TRADE
VIC1,2020/10/06 12:00:00,5299.9,50.40,TRADE
VIC1,2020/10/06 12:30:00,5317.89,41.93,TRADE
VIC1,2020/10/06 13:00:00,5388.42,66.80,TRADE
VIC1,2020/10/06 13:30:00,5383.79,62.44,TRADE
VIC1,2020/10/06 14:00:00,5401.62,95.37,TRADE
VIC1,2020/10/06 14:30:00,5414.97,66.43,TRADE
VIC1,2020/10/06 15:00:00,5446.56,89.04,TRADE
VIC1,2020/10/06 15:30:00,5554.98,56.32,TRADE
VIC1,2020/10/06 16:00:00,5693.96,46.76,TRADE
VIC1,2020/10/06 16:30:00,5846.46,56.05,TRADE
VIC1,2020/10/06 17:00:00,6032.81,231.11,TRADE
VIC1,2020/10/06 17:30:00,6101.55,214.35,TRADE
VIC1,2020/10/06 18:00:00,6142.91,147.20,TRADE
VIC1,2020/10/06 18:30:00,6065.22,271.13,TRADE
VIC1,2020/10/06 19:00:00,5999.07,130.53,TRADE
VIC1,2020/10/06 19:30:00,5897.72,58.49,TRADE
VIC1,2020/10/06 20:00:00,5760.84,55.77,TRADE
VIC1,2020/10/06 20:30:00,5551.74,53.38,TRADE
VIC1,2020/10/06 21:00:00,5350.52,47.19,TRADE
VIC1,2020/10/06 21:30:00,5084.51,50.28,TRADE
VIC1,2020/10/06 22:00:00,4806.73,44.52,TRADE
VIC1,2020/10/06 22:30:00,4635.19,44.08,TRADE
VIC1,2020/10/06 23:00:00,4549.08,21.94,TRADE
VIC1,2020/10/06 23:30:00,4720.06,47.31,TRADE
VIC1,2020/10/07 00:00:00,4733.63,48.12,TRADE
VIC1,2020/10/07 00:30:00,4644.69,47.79,TRADE
VIC1,2020/10/07 01:00:00,4495.38,39.29,TRADE
VIC1,2020/10/07 01:30:00,4427.23,45.28,TRADE
VIC1,2020/10/07 02:00:00,4287.34,40.79,TRADE
VIC1,2020/10/07 02:30:00,4142.93,41.60,TRADE
VIC1,2020/10/07 03:00:00,4085.73,36.95,TRADE
VIC1,2020/10/07 03:30:00,4043.66,35.17,TRADE
VIC1,2020/10/07 04:00:00,4022.39,21.65,TRADE
VIC1,2020/10/07 04:30:00,4140.44,44.63,TRADE
VIC1,2020/10/07 05:00:00,4273.83,44.24,TRADE
VIC1,2020/10/07 05:30:00,4626.32,51.88,TRADE
VIC1,2020/10/07 06:00:00,4911.36,119.07,TRADE
VIC1,2020/10/07 06:30:00,5277.9,163.27,TRADE
VIC1,2020/10/07 07:00:00,5595.86,207.98,TRADE
VIC1,2020/10/07 07:30:00,5617.23,74.73,TRADE
VIC1,2020/10/07 08:00:00,5668.23,89.07,TRADE
VIC1,2020/10/07 08:30:00,5736.31,203.34,TRADE
VIC1,2020/10/07 09:00:00,5476.76,275.75,TRADE
VIC1,2020/10/07 09:30:00,5414.7,181.05,TRADE
VIC1,2020/10/07 10:00:00,5354.64,262.98,TRADE
VIC1,2020/10/07 10:30:00,5230.21,182.71,TRADE
VIC1,2020/10/07 11:00:00,5161.68,201.41,TRADE
VIC1,2020/10/07 11:30:00,5233.86,192.87,TRADE
VIC1,2020/10/07 12:00:00,5234.92,298.90,TRADE
VIC1,2020/10/07 12:30:00,5201.49,274.35,TRADE
VIC1,2020/10/07 13:00:00,5209,298.35,TRADE
VIC1,2020/10/07 13:30:00,5200.92,298.53,TRADE
VIC1,2020/10/07 14:00:00,5149.21,216.91,TRADE
VIC1,2020/10/07 14:30:00,5121.22,75.09,TRADE
VIC1,2020/10/07 15:00:00,5259.71,266.63,TRADE
VIC1,2020/10/07 15:30:00,5376.3,299.50,TRADE
VIC1,2020/10/07 16:00:00,5503.77,296.66,TRADE
VIC1,2020/10/07 16:30:00,5685.85,215.78,TRADE
VIC1,2020/10/07 17:00:00,5933.47,252.84,TRADE
VIC1,2020/10/07 17:30:00,5963.57,70.78,TRADE
VIC1,2020/10/07 18:00:00,5901.17,56.70,TRADE
VIC1,2020/10/07 18:30:00,5722.79,47.02,TRADE
VIC1,2020/10/07 19:00:00,5754.23,45.48,TRADE
VIC1,2020/10/07 19:30:00,5599.5,44.54,TRADE
VIC1,2020/10/07 20:00:00,5404.51,41.85,TRADE
VIC1,2020/10/07 20:30:00,5140.69,35.83,TRADE
VIC1,2020/10/07 21:00:00,4935.13,33.92,TRADE
VIC1,2020/10/07 21:30:00,4692.7,33.66,TRADE
VIC1,2020/10/07 22:00:00,4480.54,27.95,TRADE
VIC1,2020/10/07 22:30:00,4260.52,19.11,TRADE
VIC1,2020/10/07 23:00:00,4215.74,5.94,TRADE
VIC1,2020/10/07 23:30:00,4370.55,18.99,TRADE
VIC1,2020/10/08 00:00:00,4456.44,31.33,TRADE
VIC1,2020/10/08 00:30:00,4328.18,19.32,TRADE
VIC1,2020/10/08 01:00:00,4200.2,9.34,TRADE
VIC1,2020/10/08 01:30:00,4072.96,10.95,TRADE
VIC1,2020/10/08 02:00:00,3949.43,-1.05,TRADE
VIC1,2020/10/08 02:30:00,3824.59,-8.30,TRADE
VIC1,2020/10/08 03:00:00,3737.51,-36.83,TRADE
VIC1,2020/10/08 03:30:00,3666.18,-62.31,TRADE
VIC1,2020/10/08 04:00:00,3736.99,-44.59,TRADE
VIC1,2020/10/08 04:30:00,3774.34,-38.89,TRADE
VIC1,2020/10/08 05:00:00,3888.81,-22.15,TRADE
VIC1,2020/10/08 05:30:00,4164.92,6.54,TRADE
VIC1,2020/10/08 06:00:00,4450.19,21.60,TRADE
VIC1,2020/10/08 06:30:00,4776.27,31.57,TRADE
VIC1,2020/10/08 07:00:00,4973.13,40.22,TRADE
VIC1,2020/10/08 07:30:00,4975.68,39.94,TRADE
VIC1,2020/10/08 08:00:00,4869.75,34.23,TRADE
VIC1,2020/10/08 08:30:00,4751.25,21.84,TRADE
VIC1,2020/10/08 09:00:00,4672.12,23.74,TRADE
VIC1,2020/10/08 09:30:00,4698.53,12.91,TRADE
VIC1,2020/10/08 10:00:00,4532.21,17.37,TRADE
VIC1,2020/10/08 10:30:00,4527.63,24.01,TRADE
VIC1,2020/10/08 11:00:00,4535.42,27.17,TRADE
VIC1,2020/10/08 11:30:00,4771.24,26.26,TRADE
VIC1,2020/10/08 12:00:00,4995.01,42.65,TRADE
VIC1,2020/10/08 12:30:00,4942.23,35.19,TRADE
VIC1,2020/10/08 13:00:00,4841.43,29.02,TRADE
VIC1,2020/10/08 13:30:00,4822.47,29.72,TRADE
VIC1,2020/10/08 14:00:00,4694.5,28.51,TRADE
VIC1,2020/10/08 14:30:00,4679.88,23.51,TRADE
VIC1,2020/10/08 15:00:00,4882.9,28.67,TRADE
VIC1,2020/10/08 15:30:00,5042.32,34.41,TRADE
VIC1,2020/10/08 16:00:00,5123.77,31.79,TRADE
VIC1,2020/10/08 16:30:00,5299.06,32.32,TRADE
VIC1,2020/10/08 17:00:00,5529.54,35.40,TRADE
VIC1,2020/10/08 17:30:00,5658.89,29.10,TRADE
VIC1,2020/10/08 18:00:00,5649.19,30.04,TRADE
VIC1,2020/10/08 18:30:00,5583.64,73.01,TRADE
VIC1,2020/10/08 19:00:00,5613.45,80.68,TRADE
VIC1,2020/10/08 19:30:00,5464.06,47.79,TRADE
VIC1,2020/10/08 20:00:00,5268.91,49.68,TRADE
VIC1,2020/10/08 20:30:00,5072.03,45.12,TRADE
VIC1,2020/10/08 21:00:00,4863.98,39.73,TRADE
VIC1,2020/10/08 21:30:00,4610.57,39.32,TRADE
VIC1,2020/10/08 22:00:00,4420.68,34.02,TRADE
VIC1,2020/10/08 22:30:00,4275.38,43.59,TRADE
VIC1,2020/10/08 23:00:00,4157.76,32.19,TRADE
VIC1,2020/10/08 23:30:00,4423.74,40.10,TRADE
VIC1,2020/10/09 00:00:00,4425.59,43.36,TRADE
VIC1,2020/10/09 00:30:00,4326.32,37.87,TRADE
VIC1,2020/10/09 01:00:00,4196.88,19.88,TRADE
VIC1,2020/10/09 01:30:00,4066.74,22.16,TRADE
VIC1,2020/10/09 02:00:00,3943.35,24.86,TRADE
VIC1,2020/10/09 02:30:00,3851.96,31.74,TRADE
VIC1,2020/10/09 03:00:00,3734.34,24.13,TRADE
VIC1,2020/10/09 03:30:00,3749.54,29.81,TRADE
VIC1,2020/10/09 04:00:00,3785.94,31.38,TRADE
VIC1,2020/10/09 04:30:00,3861.83,30.25,TRADE
VIC1,2020/10/09 05:00:00,4055.52,42.09,TRADE
VIC1,2020/10/09 05:30:00,4388.86,42.84,TRADE
VIC1,2020/10/09 06:00:00,4676.38,50.80,TRADE
VIC1,2020/10/09 06:30:00,5042.08,48.05,TRADE
VIC1,2020/10/09 07:00:00,5285.27,78.67,TRADE
VIC1,2020/10/09 07:30:00,5350.44,47.56,TRADE
VIC1,2020/10/09 08:00:00,5381.7,32.07,TRADE
VIC1,2020/10/09 08:30:00,5406.34,37.26,TRADE
VIC1,2020/10/09 09:00:00,5368.74,40.31,TRADE
VIC1,2020/10/09 09:30:00,5213.47,33.08,TRADE
VIC1,2020/10/09 10:00:00,5098.62,42.43,TRADE
VIC1,2020/10/09 10:30:00,4999.27,28.17,TRADE
VIC1,2020/10/09 11:00:00,4928.04,22.21,TRADE
VIC1,2020/10/09 11:30:00,4648.78,-5.52,TRADE
VIC1,2020/10/09 12:00:00,4733.9,16.87,TRADE
VIC1,2020/10/09 12:30:00,4737.63,10.65,TRADE
VIC1,2020/10/09 13:00:00,4567.67,4.41,TRADE
VIC1,2020/10/09 13:30:00,4504.09,12.74,TRADE
VIC1,2020/10/09 14:00:00,4351.8,-15.87,TRADE
VIC1,2020/10/09 14:30:00,4275.3,-6.53,TRADE
VIC1,2020/10/09 15:00:00,4251.59,8.89,TRADE
VIC1,2020/10/09 15:30:00,4324.42,14.17,TRADE
VIC1,2020/10/09 16:00:00,4399.56,22.06,TRADE
VIC1,2020/10/09 16:30:00,4501.87,46.18,TRADE
VIC1,2020/10/09 17:00:00,4709.06,29.73,TRADE
VIC1,2020/10/09 17:30:00,4927.57,41.82,TRADE
VIC1,2020/10/09 18:00:00,5086.51,52.71,TRADE
VIC1,2020/10/09 18:30:00,5245.78,287.69,TRADE
VIC1,2020/10/09 19:00:00,5412.63,299.23,TRADE
VIC1,2020/10/09 19:30:00,5397.67,145.74,TRADE
VIC1,2020/10/09 20:00:00,5332.08,244.72,TRADE
VIC1,2020/10/09 20:30:00,5252.36,136.74,TRADE
VIC1,2020/10/09 21:00:00,5123.5,95.01,TRADE
VIC1,2020/10/09 21:30:00,4940.71,103.39,TRADE
VIC1,2020/10/09 22:00:00,4794.28,59.07,TRADE
VIC1,2020/10/09 22:30:00,4600.45,123.44,TRADE
VIC1,2020/10/09 23:00:00,4524.22,50.42,TRADE
VIC1,2020/10/09 23:30:00,4716.09,56.98,TRADE
VIC1,2020/10/10 00:00:00,4721.43,46.43,TRADE
VIC1,2020/10/10 00:30:00,4539.58,42.87,TRADE
VIC1,2020/10/10 01:00:00,4415.23,38.28,TRADE
VIC1,2020/10/10 01:30:00,4291.93,33.68,TRADE
VIC1,2020/10/10 02:00:00,4110.2,33.90,TRADE
VIC1,2020/10/10 02:30:00,4004.83,19.28,TRADE
VIC1,2020/10/10 03:00:00,3900.7,8.93,TRADE
VIC1,2020/10/10 03:30:00,3899.73,23.69,TRADE
VIC1,2020/10/10 04:00:00,3874.82,34.24,TRADE
VIC1,2020/10/10 04:30:00,3871.26,35.80,TRADE
VIC1,2020/10/10 05:00:00,3947.76,39.13,TRADE
VIC1,2020/10/10 05:30:00,4115.42,45.15,TRADE
VIC1,2020/10/10 06:00:00,4194.01,46.12,TRADE
VIC1,2020/10/10 06:30:00,4337.81,41.07,TRADE
VIC1,2020/10/10 07:00:00,4399.36,30.77,TRADE
VIC1,2020/10/10 07:30:00,4275.14,15.22,TRADE
VIC1,2020/10/10 08:00:00,4159.72,31.36,TRADE
VIC1,2020/10/10 08:30:00,4028.86,39.08,TRADE
VIC1,2020/10/10 09:00:00,3821,16.58,TRADE
VIC1,2020/10/10 09:30:00,3680.64,15.64,TRADE
VIC1,2020/10/10 10:00:00,3514.88,-3.26,TRADE
VIC1,2020/10/10 10:30:00,3369.62,1.16,TRADE
VIC1,2020/10/10 11:00:00,3247.94,10.02,TRADE
VIC1,2020/10/10 11:30:00,3173.31,-11.38,TRADE
VIC1,2020/10/10 12:00:00,3298.67,-10.49,TRADE
VIC1,2020/10/10 12:30:00,3346.17,-6.64,TRADE
VIC1,2020/10/10 13:00:00,3339.58,-8.05,TRADE
VIC1,2020/10/10 13:30:00,3296.61,-5.40,TRADE
VIC1,2020/10/10 14:00:00,3320.48,-11.31,TRADE
VIC1,2020/10/10 14:30:00,3369.4,18.89,TRADE
VIC1,2020/10/10 15:00:00,3415.07,12.41,TRADE
VIC1,2020/10/10 15:30:00,3586.13,13.25,TRADE
VIC1,2020/10/10 16:00:00,3708.14,25.91,TRADE
VIC1,2020/10/10 16:30:00,3946.85,35.87,TRADE
VIC1,2020/10/10 17:00:00,4276.01,36.40,TRADE
VIC1,2020/10/10 17:30:00,4490.43,42.70,TRADE
VIC1,2020/10/10 18:00:00,4695.96,49.84,TRADE
VIC1,2020/10/10 18:30:00,4801.64,74.84,TRADE
VIC1,2020/10/10 19:00:00,4877.11,149.59,TRADE
VIC1,2020/10/10 19:30:00,4850.45,50.58,TRADE
VIC1,2020/10/10 20:00:00,4762.24,54.14,TRADE
VIC1,2020/10/10 20:30:00,4601.85,59.11,TRADE
VIC1,2020/10/10 21:00:00,4536.42,49.22,TRADE
VIC1,2020/10/10 21:30:00,4471.73,46.96,TRADE
VIC1,2020/10/10 22:00:00,4331.59,44.06,TRADE
VIC1,2020/10/10 22:30:00,4205,43.53,TRADE
VIC1,2020/10/10 23:00:00,4155.33,42.29,TRADE
VIC1,2020/10/10 23:30:00,4337.78,46.92,TRADE
VIC1,2020/10/11 00:00:00,4306.76,50.43,TRADE
VIC1,2020/10/11 00:30:00,4180.22,48.43,TRADE
VIC1,2020/10/11 01:00:00,4087.11,46.55,TRADE
VIC1,2020/10/11 01:30:00,4000.4,42.78,TRADE
VIC1,2020/10/11 02:00:00,3816.12,46.43,TRADE
VIC1,2020/10/11 02:30:00,3754.58,46.75,TRADE
VIC1,2020/10/11 03:00:00,3667.98,44.78,TRADE
VIC1,2020/10/11 03:30:00,3614.7,44.95,TRADE
VIC1,2020/10/11 04:00:00,3604.4,46.64,TRADE
VIC1,2020/10/11 04:30:00,3615.37,47.41,TRADE
VIC1,2020/10/11 05:00:00,3655.46,42.19,TRADE
VIC1,2020/10/11 05:30:00,3749.74,42.34,TRADE
VIC1,2020/10/11 06:00:00,3736.39,42.03,TRADE
VIC1,2020/10/11 06:30:00,3804.1,39.79,TRADE
VIC1,2020/10/11 07:00:00,3892.42,39.18,TRADE
VIC1,2020/10/11 07:30:00,3873.2,32.36,TRADE
VIC1,2020/10/11 08:00:00,3882.06,22.47,TRADE
VIC1,2020/10/11 08:30:00,3901.79,33.64,TRADE
VIC1,2020/10/11 09:00:00,3862.46,31.61,TRADE
VIC1,2020/10/11 09:30:00,3933.22,41.50,TRADE
VIC1,2020/10/11 10:00:00,3836.43,32.19,TRADE
VIC1,2020/10/11 10:30:00,3758.52,32.24,TRADE
VIC1,2020/10/11 11:00:00,3593.61,24.28,TRADE
VIC1,2020/10/11 11:30:00,3456.85,19.74,TRADE
VIC1,2020/10/11 12:00:00,3319.62,32.87,TRADE
VIC1,2020/10/11 12:30:00,3156.68,17.44,TRADE
VIC1,2020/10/11 13:00:00,3050.55,17.03,TRADE
VIC1,2020/10/11 13:30:00,2982.38,6.67,TRADE
VIC1,2020/10/11 14:00:00,2975.43,15.36,TRADE
VIC1,2020/10/11 14:30:00,3045.49,23.20,TRADE
VIC1,2020/10/11 15:00:00,3160.23,31.20,TRADE
VIC1,2020/10/11 15:30:00,3347.92,34.83,TRADE
VIC1,2020/10/11 16:00:00,3533.27,36.71,TRADE
VIC1,2020/10/11 16:30:00,3840.73,42.67,TRADE
VIC1,2020/10/11 17:00:00,4191.85,71.04,TRADE
VIC1,2020/10/11 17:30:00,4487.99,124.79,TRADE
VIC1,2020/10/11 18:00:00,4740.9,198.89,TRADE
VIC1,2020/10/11 18:30:00,4848.99,267.26,TRADE
VIC1,2020/10/11 19:00:00,4916.4,147.73,TRADE
VIC1,2020/10/11 19:30:00,4999.16,116.95,TRADE
VIC1,2020/10/11 20:00:00,4897.39,62.59,TRADE
VIC1,2020/10/11 20:30:00,4787.59,54.54,TRADE
VIC1,2020/10/11 21:00:00,4670.81,63.61,TRADE
VIC1,2020/10/11 21:30:00,4537.32,61.12,TRADE
VIC1,2020/10/11 22:00:00,4344.66,53.15,TRADE
VIC1,2020/10/11 22:30:00,4278.75,56.30,TRADE
VIC1,2020/10/11 23:00:00,4246.77,57.33,TRADE
VIC1,2020/10/11 23:30:00,4450.89,54.64,TRADE
VIC1,2020/10/12 00:00:00,4496.74,65.43,TRADE
VIC1,2020/10/12 00:30:00,4374.62,63.47,TRADE
VIC1,2020/10/12 01:00:00,4261.5,50.49,TRADE
VIC1,2020/10/12 01:30:00,4181.35,50.19,TRADE
VIC1,2020/10/12 02:00:00,4059.19,48.60,TRADE
VIC1,2020/10/12 02:30:00,3936.44,47.79,TRADE
VIC1,2020/10/12 03:00:00,3907.12,46.06,TRADE
VIC1,2020/10/12 03:30:00,3927.38,45.48,TRADE
VIC1,2020/10/12 04:00:00,3954.97,47.16,TRADE
VIC1,2020/10/12 04:30:00,4105.02,49.53,TRADE
VIC1,2020/10/12 05:00:00,4220.55,59.22,TRADE
VIC1,2020/10/12 05:30:00,4619.28,74.39,TRADE
VIC1,2020/10/12 06:00:00,4964.35,165.12,TRADE
VIC1,2020/10/12 06:30:00,5338.4,100.26,TRADE
VIC1,2020/10/12 07:00:00,5598.16,55.77,TRADE
VIC1,2020/10/12 07:30:00,5355.73,35.78,TRADE
VIC1,2020/10/12 08:00:00,5088.71,34.26,TRADE
VIC1,2020/10/12 08:30:00,4831.88,32.92,TRADE
VIC1,2020/10/12 09:00:00,4479.16,27.23,TRADE
VIC1,2020/10/12 09:30:00,4310.52,36.47,TRADE
VIC1,2020/10/12 10:00:00,4220.26,42.02,TRADE
VIC1,2020/10/12 10:30:00,4252.21,36.95,TRADE
VIC1,2020/10/12 11:00:00,4059.61,40.48,TRADE
VIC1,2020/10/12 11:30:00,3814.12,17.49,TRADE
VIC1,2020/10/12 12:00:00,3625.92,2.47,TRADE
VIC1,2020/10/12 12:30:00,3548.94,19.95,TRADE
VIC1,2020/10/12 13:00:00,3488.33,16.48,TRADE
VIC1,2020/10/12 13:30:00,3440.15,4.47,TRADE
VIC1,2020/10/12 14:00:00,3465.47,14.80,TRADE
VIC1,2020/10/12 14:30:00,3443.9,2.08,TRADE
VIC1,2020/10/12 15:00:00,3569.62,9.96,TRADE
VIC1,2020/10/12 15:30:00,3788.94,27.29,TRADE
VIC1,2020/10/12 16:00:00,4117.34,38.71,TRADE
VIC1,2020/10/12 16:30:00,4494.1,34.13,TRADE
VIC1,2020/10/12 17:00:00,4828.89,45.01,TRADE
VIC1,2020/10/12 17:30:00,5000.05,38.96,TRADE
VIC1,2020/10/12 18:00:00,5007.48,22.68,TRADE
VIC1,2020/10/12 18:30:00,4931.15,33.65,TRADE
VIC1,2020/10/12 19:00:00,4979.68,53.11,TRADE
VIC1,2020/10/12 19:30:00,4961.23,45,TRADE
VIC1,2020/10/12 20:00:00,4828.16,36.46,TRADE
VIC1,2020/10/12 20:30:00,4713.11,37.53,TRADE
VIC1,2020/10/12 21:00:00,4554.81,33.68,TRADE
VIC1,2020/10/12 21:30:00,4443.53,39.97,TRADE
VIC1,2020/10/12 22:00:00,4243.18,26.99,TRADE
VIC1,2020/10/12 22:30:00,4173.94,39.50,TRADE
VIC1,2020/10/12 23:00:00,4136.95,31.92,TRADE
VIC1,2020/10/12 23:30:00,4325.73,37.05,TRADE
VIC1,2020/10/13 00:00:00,4456.85,47.37,TRADE
VIC1,2020/10/13 00:30:00,4363.12,50.49,TRADE
VIC1,2020/10/13 01:00:00,4238.42,43.36,TRADE
VIC1,2020/10/13 01:30:00,4148.96,42.61,TRADE
VIC1,2020/10/13 02:00:00,3971.99,41.22,TRADE
VIC1,2020/10/13 02:30:00,3899.46,43.37,TRADE
VIC1,2020/10/13 03:00:00,3832.54,44.42,TRADE
VIC1,2020/10/13 03:30:00,3815.16,45.66,TRADE
VIC1,2020/10/13 04:00:00,3791.49,43.60,TRADE
VIC1,2020/10/13 04:30:00,3909.88,41.61,TRADE
VIC1,2020/10/13 05:00:00,4040.79,44.68,TRADE
VIC1,2020/10/13 05:30:00,4405.54,48.74,TRADE
VIC1,2020/10/13 06:00:00,4689.04,115.84,TRADE
VIC1,2020/10/13 06:30:00,4996.09,51.37,TRADE
VIC1,2020/10/13 07:00:00,5232.13,50.88,TRADE
VIC1,2020/10/13 07:30:00,5120.47,37.11,TRADE
VIC1,2020/10/13 08:00:00,5089.67,37.87,TRADE
VIC1,2020/10/13 08:30:00,5042.33,37.08,TRADE
VIC1,2020/10/13 09:00:00,4897.06,35.05,TRADE
VIC1,2020/10/13 09:30:00,4797.76,32.03,TRADE
VIC1,2020/10/13 10:00:00,4658.3,36.43,TRADE
VIC1,2020/10/13 10:30:00,4545.73,30.23,TRADE
VIC1,2020/10/13 11:00:00,4516.53,29.99,TRADE
VIC1,2020/10/13 11:30:00,4459.53,29.99,TRADE
VIC1,2020/10/13 12:00:00,4359.53,29.99,TRADE
VIC1,2020/10/13 12:30:00,4275.08,33.22,TRADE
VIC1,2020/10/13 13:00:00,4192.93,30.19,TRADE
VIC1,2020/10/13 13:30:00,4149.69,30.43,TRADE
VIC1,2020/10/13 14:00:00,4162.76,32.09,TRADE
VIC1,2020/10/13 14:30:00,4150.39,31.88,TRADE
VIC1,2020/10/13 15:00:00,4186.13,32.26,TRADE
VIC1,2020/10/13 15:30:00,4320.35,36.95,TRADE
VIC1,2020/10/13 16:00:00,4410.53,32.33,TRADE
VIC1,2020/10/13 16:30:00,4594.41,40.17,TRADE
VIC1,2020/10/13 17:00:00,4890.68,63.40,TRADE
VIC1,2020/10/13 17:30:00,5132.79,49.10,TRADE
VIC1,2020/10/13 18:00:00,5273.28,63.56,TRADE
VIC1,2020/10/13 18:30:00,5286.89,60.37,TRADE
VIC1,2020/10/13 19:00:00,5296.55,61.14,TRADE
VIC1,2020/10/13 19:30:00,5311.93,51.19,TRADE
VIC1,2020/10/13 20:00:00,5219.71,45.54,TRADE
VIC1,2020/10/13 20:30:00,5014.87,44.10,TRADE
VIC1,2020/10/13 21:00:00,4878.69,38.83,TRADE
VIC1,2020/10/13 21:30:00,4669.5,40.41,TRADE
VIC1,2020/10/13 22:00:00,4480.05,36.51,TRADE
VIC1,2020/10/13 22:30:00,4361.03,42.12,TRADE
VIC1,2020/10/13 23:00:00,4303.2,40.48,TRADE
VIC1,2020/10/13 23:30:00,4500.58,43.46,TRADE
VIC1,2020/10/14 00:00:00,4556.71,50,TRADE
VIC1,2020/10/14 00:30:00,4436.18,50.70,TRADE
VIC1,2020/10/14 01:00:00,4303.75,44.24,TRADE
VIC1,2020/10/14 01:30:00,4216.52,43.30,TRADE
VIC1,2020/10/14 02:00:00,4076.61,39.99,TRADE
VIC1,2020/10/14 02:30:00,3960.43,38.76,TRADE
VIC1,2020/10/14 03:00:00,3933.91,39.96,TRADE
VIC1,2020/10/14 03:30:00,3926.85,36.95,TRADE
VIC1,2020/10/14 04:00:00,3930.33,36.08,TRADE
VIC1,2020/10/14 04:30:00,4040.33,43.95,TRADE
VIC1,2020/10/14 05:00:00,4221.44,45.58,TRADE
VIC1,2020/10/14 05:30:00,4573.03,63.71,TRADE
VIC1,2020/10/14 06:00:00,4847.58,121.57,TRADE
VIC1,2020/10/14 06:30:00,5180.88,110.47,TRADE
VIC1,2020/10/14 07:00:00,5424.21,63.42,TRADE
VIC1,2020/10/14 07:30:00,5345.59,41.05,TRADE
VIC1,2020/10/14 08:00:00,5225.15,40.08,TRADE
VIC1,2020/10/14 08:30:00,5108.52,37.68,TRADE
VIC1,2020/10/14 09:00:00,4882.63,40.75,TRADE
VIC1,2020/10/14 09:30:00,4590.56,38.59,TRADE
VIC1,2020/10/14 10:00:00,4293.51,44.20,TRADE
VIC1,2020/10/14 10:30:00,4078.53,32.96,TRADE
VIC1,2020/10/14 11:00:00,3914.14,30.43,TRADE
VIC1,2020/10/14 11:30:00,3843.83,32.65,TRADE
VIC1,2020/10/14 12:00:00,3772.4,19.32,TRADE
VIC1,2020/10/14 12:30:00,3715.45,20.95,TRADE
VIC1,2020/10/14 13:00:00,3728.25,19.99,TRADE
VIC1,2020/10/14 13:30:00,3749.66,24.09,TRADE
VIC1,2020/10/14 14:00:00,3825.9,29.83,TRADE
VIC1,2020/10/14 14:30:00,3943.58,32.02,TRADE
VIC1,2020/10/14 15:00:00,4115.48,38.40,TRADE
VIC1,2020/10/14 15:30:00,4332.67,33.76,TRADE
VIC1,2020/10/14 16:00:00,4586.33,42,TRADE
VIC1,2020/10/14 16:30:00,4791.86,57.21,TRADE
VIC1,2020/10/14 17:00:00,5017.7,82.30,TRADE
VIC1,2020/10/14 17:30:00,5120.1,77.26,TRADE
VIC1,2020/10/14 18:00:00,5247.82,73.66,TRADE
VIC1,2020/10/14 18:30:00,5174.46,58.54,TRADE
VIC1,2020/10/14 19:00:00,5195.73,63.56,TRADE
VIC1,2020/10/14 19:30:00,5132.91,52.98,TRADE
VIC1,2020/10/14 20:00:00,5009.83,46.42,TRADE
VIC1,2020/10/14 20:30:00,4757.87,39.02,TRADE
VIC1,2020/10/14 21:00:00,4601.4,36.21,TRADE
VIC1,2020/10/14 21:30:00,4404.2,37.61,TRADE
VIC1,2020/10/14 22:00:00,4203.67,32.23,TRADE
VIC1,2020/10/14 22:30:00,4081.44,31.73,TRADE
VIC1,2020/10/14 23:00:00,4005.72,15.95,TRADE
VIC1,2020/10/14 23:30:00,4250.8,30.44,TRADE
VIC1,2020/10/15 00:00:00,4262.99,24.94,TRADE
VIC1,2020/10/15 00:30:00,4090.72,17.78,TRADE
VIC1,2020/10/15 01:00:00,3936.06,12.14,TRADE
VIC1,2020/10/15 01:30:00,3913.34,-7.05,TRADE
VIC1,2020/10/15 02:00:00,3774.78,-27.87,TRADE
VIC1,2020/10/15 02:30:00,3701.76,-29.35,TRADE
VIC1,2020/10/15 03:00:00,3623.26,-35.17,TRADE
VIC1,2020/10/15 03:30:00,3564.93,-35.87,TRADE
VIC1,2020/10/15 04:00:00,3544.89,-35.72,TRADE
VIC1,2020/10/15 04:30:00,3712.85,-10.35,TRADE
VIC1,2020/10/15 05:00:00,3946.24,0.34,TRADE
VIC1,2020/10/15 05:30:00,4281.8,28.70,TRADE
VIC1,2020/10/15 06:00:00,4537.8,34.37,TRADE
VIC1,2020/10/15 06:30:00,4763.8,35.31,TRADE
VIC1,2020/10/15 07:00:00,4879.88,36.15,TRADE
VIC1,2020/10/15 07:30:00,4800.71,34.68,TRADE
VIC1,2020/10/15 08:00:00,4845.68,34.25,TRADE
VIC1,2020/10/15 08:30:00,4864.47,26.02,TRADE
VIC1,2020/10/15 09:00:00,4880.95,34.51,TRADE
VIC1,2020/10/15 09:30:00,4859.95,39.68,TRADE
VIC1,2020/10/15 10:00:00,4913.13,47.45,TRADE
VIC1,2020/10/15 10:30:00,4828.22,37.30,TRADE
VIC1,2020/10/15 11:00:00,4909.25,40.66,TRADE
VIC1,2020/10/15 11:30:00,4973.79,39.22,TRADE
VIC1,2020/10/15 12:00:00,4945.17,36.06,TRADE
VIC1,2020/10/15 12:30:00,4951.04,39,TRADE
VIC1,2020/10/15 13:00:00,4942.09,42.37,TRADE
VIC1,2020/10/15 13:30:00,4914.86,42.38,TRADE
VIC1,2020/10/15 14:00:00,4859.21,43.42,TRADE
VIC1,2020/10/15 14:30:00,4870.03,51.88,TRADE
VIC1,2020/10/15 15:00:00,5020.96,60,TRADE
VIC1,2020/10/15 15:30:00,5078.15,53.87,TRADE
VIC1,2020/10/15 16:00:00,5169.11,41.31,TRADE
VIC1,2020/10/15 16:30:00,5330.13,54.02,TRADE
VIC1,2020/10/15 17:00:00,5475.05,70.21,TRADE
VIC1,2020/10/15 17:30:00,5514.6,52.32,TRADE
VIC1,2020/10/15 18:00:00,5382.17,54.19,TRADE
VIC1,2020/10/15 18:30:00,5324.08,60,TRADE
VIC1,2020/10/15 19:00:00,5166.99,71.69,TRADE
VIC1,2020/10/15 19:30:00,5068.17,61.49,TRADE
VIC1,2020/10/15 20:00:00,4887.19,45.06,TRADE
VIC1,2020/10/15 20:30:00,4772.59,42.08,TRADE
VIC1,2020/10/15 21:00:00,4644.06,46.46,TRADE
VIC1,2020/10/15 21:30:00,4458.23,45.43,TRADE
VIC1,2020/10/15 22:00:00,4315.54,30.49,TRADE
VIC1,2020/10/15 22:30:00,4196.29,45.85,TRADE
VIC1,2020/10/15 23:00:00,4142.05,36.16,TRADE
VIC1,2020/10/15 23:30:00,4414.44,44.02,TRADE
VIC1,2020/10/16 00:00:00,4453.6,44.13,TRADE
VIC1,2020/10/16 00:30:00,4284.85,38.22,TRADE
VIC1,2020/10/16 01:00:00,4089.18,37.09,TRADE
VIC1,2020/10/16 01:30:00,4021.62,36.92,TRADE
VIC1,2020/10/16 02:00:00,3895.26,37.08,TRADE
VIC1,2020/10/16 02:30:00,3791.49,33.47,TRADE
VIC1,2020/10/16 03:00:00,3718.38,13.43,TRADE
VIC1,2020/10/16 03:30:00,3700.84,11.13,TRADE
VIC1,2020/10/16 04:00:00,3774.54,28.12,TRADE
VIC1,2020/10/16 04:30:00,3878.63,22.26,TRADE
VIC1,2020/10/16 05:00:00,4004.07,35.43,TRADE
VIC1,2020/10/16 05:30:00,4324.15,45.12,TRADE
VIC1,2020/10/16 06:00:00,4597.77,40.65,TRADE
VIC1,2020/10/16 06:30:00,4896.89,48.49,TRADE
VIC1,2020/10/16 07:00:00,5104.17,60.42,TRADE
VIC1,2020/10/16 07:30:00,4911.28,46.22,TRADE
VIC1,2020/10/16 08:00:00,4706.42,50.83,TRADE
VIC1,2020/10/16 08:30:00,4547.83,40.01,TRADE
VIC1,2020/10/16 09:00:00,4301.44,27.31,TRADE
VIC1,2020/10/16 09:30:00,4107.29,35.88,TRADE
VIC1,2020/10/16 10:00:00,3968.4,37.58,TRADE
VIC1,2020/10/16 10:30:00,3866.61,38.57,TRADE
VIC1,2020/10/16 11:00:00,3851.8,38.22,TRADE
VIC1,2020/10/16 11:30:00,3861.53,46.67,TRADE
VIC1,2020/10/16 12:00:00,3893.07,40.95,TRADE
VIC1,2020/10/16 12:30:00,3893.81,37.94,TRADE
VIC1,2020/10/16 13:00:00,3988.58,44.15,TRADE
VIC1,2020/10/16 13:30:00,4104.37,52.81,TRADE
VIC1,2020/10/16 14:00:00,4244.53,55.84,TRADE
VIC1,2020/10/16 14:30:00,4299.52,55.73,TRADE
VIC1,2020/10/16 15:00:00,4517.15,83.15,TRADE
VIC1,2020/10/16 15:30:00,4774.06,85.59,TRADE
VIC1,2020/10/16 16:00:00,4959.01,59.66,TRADE
VIC1,2020/10/16 16:30:00,5102.3,77.19,TRADE
VIC1,2020/10/16 17:00:00,5277.89,146.50,TRADE
VIC1,2020/10/16 17:30:00,5359.9,93,TRADE
VIC1,2020/10/16 18:00:00,5428.17,158.75,TRADE
VIC1,2020/10/16 18:30:00,5379.36,81.63,TRADE
VIC1,2020/10/16 19:00:00,5363.61,96.53,TRADE
VIC1,2020/10/16 19:30:00,5285.06,96.77,TRADE
VIC1,2020/10/16 20:00:00,5186.25,64.58,TRADE
VIC1,2020/10/16 20:30:00,4981.75,67.96,TRADE
VIC1,2020/10/16 21:00:00,4841.27,64.01,TRADE
VIC1,2020/10/16 21:30:00,4680.35,43.29,TRADE
VIC1,2020/10/16 22:00:00,4504.95,41.46,TRADE
VIC1,2020/10/16 22:30:00,4390.47,44.99,TRADE
VIC1,2020/10/16 23:00:00,4297.82,41.46,TRADE
VIC1,2020/10/16 23:30:00,4488.44,44.03,TRADE
VIC1,2020/10/17 00:00:00,4477.59,49.63,TRADE
VIC1,2020/10/17 00:30:00,4321.33,50.15,TRADE
VIC1,2020/10/17 01:00:00,4177.14,47.74,TRADE
VIC1,2020/10/17 01:30:00,4029.37,53.50,TRADE
VIC1,2020/10/17 02:00:00,3939.57,48.33,TRADE
VIC1,2020/10/17 02:30:00,3859.51,51.59,TRADE
VIC1,2020/10/17 03:00:00,3787.24,48.84,TRADE
VIC1,2020/10/17 03:30:00,3755.47,39.37,TRADE
VIC1,2020/10/17 04:00:00,3699.09,38.88,TRADE
VIC1,2020/10/17 04:30:00,3742.05,43.94,TRADE
VIC1,2020/10/17 05:00:00,3799.22,47.74,TRADE
VIC1,2020/10/17 05:30:00,3901.92,48.94,TRADE
VIC1,2020/10/17 06:00:00,3931.99,47.49,TRADE
VIC1,2020/10/17 06:30:00,4101.61,52.69,TRADE
VIC1,2020/10/17 07:00:00,4188.63,65.92,TRADE
VIC1,2020/10/17 07:30:00,4237.73,52.40,TRADE
VIC1,2020/10/17 08:00:00,4267.75,61.19,TRADE
VIC1,2020/10/17 08:30:00,4287.92,63.83,TRADE
VIC1,2020/10/17 09:00:00,4127.42,50.62,TRADE
VIC1,2020/10/17 09:30:00,4093.69,40.73,TRADE
VIC1,2020/10/17 10:00:00,4146.2,38.10,TRADE
VIC1,2020/10/17 10:30:00,3994.18,16.52,TRADE
VIC1,2020/10/17 11:00:00,3817.5,22.42,TRADE
VIC1,2020/10/17 11:30:00,3732.75,14.37,TRADE
VIC1,2020/10/17 12:00:00,3675.06,19.05,TRADE
VIC1,2020/10/17 12:30:00,3657.15,28.20,TRADE
VIC1,2020/10/17 13:00:00,3621.02,31.49,TRADE
VIC1,2020/10/17 13:30:00,3503.63,31.40,TRADE
VIC1,2020/10/17 14:00:00,3429.19,31.74,TRADE
VIC1,2020/10/17 14:30:00,3400.99,31.83,TRADE
VIC1,2020/10/17 15:00:00,3460.54,32.23,TRADE
VIC1,2020/10/17 15:30:00,3528.08,33.01,TRADE
VIC1,2020/10/17 16:00:00,3672.21,33.38,TRADE
VIC1,2020/10/17 16:30:00,3834.48,33.20,TRADE
VIC1,2020/10/17 17:00:00,4176.82,34.99,TRADE
VIC1,2020/10/17 17:30:00,4405.56,43.21,TRADE
VIC1,2020/10/17 18:00:00,4589.84,48.35,TRADE
VIC1,2020/10/17 18:30:00,4688.31,46.29,TRADE
VIC1,2020/10/17 19:00:00,4752.09,45.19,TRADE
VIC1,2020/10/17 19:30:00,4823.27,45.01,TRADE
VIC1,2020/10/17 20:00:00,4675.16,38.49,TRADE
VIC1,2020/10/17 20:30:00,4546.97,42.60,TRADE
VIC1,2020/10/17 21:00:00,4410.27,42.95,TRADE
VIC1,2020/10/17 21:30:00,4357.76,41.63,TRADE
VIC1,2020/10/17 22:00:00,4244.1,36.57,TRADE
VIC1,2020/10/17 22:30:00,4139.86,38.38,TRADE
VIC1,2020/10/17 23:00:00,4054.74,35.28,TRADE
VIC1,2020/10/17 23:30:00,4214.95,40.76,TRADE
VIC1,2020/10/18 00:00:00,4191.11,42.87,TRADE
VIC1,2020/10/18 00:30:00,4081.75,44.09,TRADE
VIC1,2020/10/18 01:00:00,3947.25,40.82,TRADE
VIC1,2020/10/18 01:30:00,3863.32,40.61,TRADE
VIC1,2020/10/18 02:00:00,3735.93,38.72,TRADE
VIC1,2020/10/18 02:30:00,3643.63,40.98,TRADE
VIC1,2020/10/18 03:00:00,3592.03,37.67,TRADE
VIC1,2020/10/18 03:30:00,3572.09,37.01,TRADE
VIC1,2020/10/18 04:00:00,3556.48,41.03,TRADE
VIC1,2020/10/18 04:30:00,3575.72,41.07,TRADE
VIC1,2020/10/18 05:00:00,3611.59,42.33,TRADE
VIC1,2020/10/18 05:30:00,3746.68,41.87,TRADE
VIC1,2020/10/18 06:00:00,3778.25,41.88,TRADE
VIC1,2020/10/18 06:30:00,3864.11,38.12,TRADE
VIC1,2020/10/18 07:00:00,4009.21,41.34,TRADE
VIC1,2020/10/18 07:30:00,4040.97,41.18,TRADE
VIC1,2020/10/18 08:00:00,4080.97,41.85,TRADE
VIC1,2020/10/18 08:30:00,4056.66,40.05,TRADE
VIC1,2020/10/18 09:00:00,4132.1,39.85,TRADE
VIC1,2020/10/18 09:30:00,4140.69,38.80,TRADE
VIC1,2020/10/18 10:00:00,4053.45,40.39,TRADE
VIC1,2020/10/18 10:30:00,3960.89,38.52,TRADE
VIC1,2020/10/18 11:00:00,3917.03,36.91,TRADE
VIC1,2020/10/18 11:30:00,3847.88,36.87,TRADE
VIC1,2020/10/18 12:00:00,3818.27,32.25,TRADE
VIC1,2020/10/18 12:30:00,3832,33.54,TRADE
VIC1,2020/10/18 13:00:00,3636.76,24.14,TRADE
VIC1,2020/10/18 13:30:00,3562.81,13.05,TRADE
VIC1,2020/10/18 14:00:00,3523.88,21.64,TRADE
VIC1,2020/10/18 14:30:00,3525.77,15.34,TRADE
VIC1,2020/10/18 15:00:00,3623.91,17.60,TRADE
VIC1,2020/10/18 15:30:00,3784.51,37.77,TRADE
VIC1,2020/10/18 16:00:00,3979.24,36.86,TRADE
VIC1,2020/10/18 16:30:00,4239.27,34.51,TRADE
VIC1,2020/10/18 17:00:00,4497.24,43.25,TRADE
VIC1,2020/10/18 17:30:00,4673.17,46.05,TRADE
VIC1,2020/10/18 18:00:00,4858.06,49.57,TRADE
VIC1,2020/10/18 18:30:00,4973.27,58.30,TRADE
VIC1,2020/10/18 19:00:00,5086.75,63.27,TRADE
VIC1,2020/10/18 19:30:00,5178.37,63.42,TRADE
VIC1,2020/10/18 20:00:00,5108.24,54.58,TRADE
VIC1,2020/10/18 20:30:00,4923.71,52.35,TRADE
VIC1,2020/10/18 21:00:00,4710.72,43.19,TRADE
VIC1,2020/10/18 21:30:00,4577.23,40.06,TRADE
VIC1,2020/10/18 22:00:00,4380.44,40.58,TRADE
VIC1,2020/10/18 22:30:00,4216.92,39.58,TRADE
VIC1,2020/10/18 23:00:00,4170.05,41.28,TRADE
VIC1,2020/10/18 23:30:00,4355.06,41.37,TRADE
VIC1,2020/10/19 00:00:00,4366.76,42.57,TRADE
VIC1,2020/10/19 00:30:00,4291.67,42.18,TRADE
VIC1,2020/10/19 01:00:00,4209.44,42.84,TRADE
VIC1,2020/10/19 01:30:00,4147.28,41.26,TRADE
VIC1,2020/10/19 02:00:00,4017.45,40.79,TRADE
VIC1,2020/10/19 02:30:00,3921.75,41.23,TRADE
VIC1,2020/10/19 03:00:00,3832.78,38.89,TRADE
VIC1,2020/10/19 03:30:00,3822.18,40.99,TRADE
VIC1,2020/10/19 04:00:00,3851.29,44.40,TRADE
VIC1,2020/10/19 04:30:00,3971.05,44.57,TRADE
VIC1,2020/10/19 05:00:00,4158.24,46.22,TRADE
VIC1,2020/10/19 05:30:00,4535.59,54.43,TRADE
VIC1,2020/10/19 06:00:00,4898.27,78.88,TRADE
VIC1,2020/10/19 06:30:00,5321.05,77.32,TRADE
VIC1,2020/10/19 07:00:00,5620.3,116.36,TRADE
VIC1,2020/10/19 07:30:00,5411.04,50.14,TRADE
VIC1,2020/10/19 08:00:00,5216.44,45.85,TRADE
VIC1,2020/10/19 08:30:00,5079.76,43.04,TRADE
VIC1,2020/10/19 09:00:00,4687.85,42.10,TRADE
VIC1,2020/10/19 09:30:00,4710.6,45.78,TRADE
VIC1,2020/10/19 10:00:00,4798.85,43.56,TRADE
VIC1,2020/10/19 10:30:00,4780.96,92.84,TRADE
VIC1,2020/10/19 11:00:00,4740.2,78.88,TRADE
VIC1,2020/10/19 11:30:00,4763.39,56.12,TRADE
VIC1,2020/10/19 12:00:00,4726,61.27,TRADE
VIC1,2020/10/19 12:30:00,4714.84,62.32,TRADE
VIC1,2020/10/19 13:00:00,4571.27,44.90,TRADE
VIC1,2020/10/19 13:30:00,4507.98,37.92,TRADE
VIC1,2020/10/19 14:00:00,4507.25,39.08,TRADE
VIC1,2020/10/19 14:30:00,4417.53,38.74,TRADE
VIC1,2020/10/19 15:00:00,4419.55,38.66,TRADE
VIC1,2020/10/19 15:30:00,4529.36,40.67,TRADE
VIC1,2020/10/19 16:00:00,4658.33,43.23,TRADE
VIC1,2020/10/19 16:30:00,4805.01,39.55,TRADE
VIC1,2020/10/19 17:00:00,5007.29,45.06,TRADE
VIC1,2020/10/19 17:30:00,5168.05,50.24,TRADE
VIC1,2020/10/19 18:00:00,5298.46,56.06,TRADE
VIC1,2020/10/19 18:30:00,5395.52,67.90,TRADE
VIC1,2020/10/19 19:00:00,5492.13,80.07,TRADE
VIC1,2020/10/19 19:30:00,5516.52,71.31,TRADE
VIC1,2020/10/19 20:00:00,5509.89,90.60,TRADE
VIC1,2020/10/19 20:30:00,5355.92,54.79,TRADE
VIC1,2020/10/19 21:00:00,5135.97,45.56,TRADE
VIC1,2020/10/19 21:30:00,4934.19,42.11,TRADE
VIC1,2020/10/19 22:00:00,4727.04,42.13,TRADE
VIC1,2020/10/19 22:30:00,4552.79,43.51,TRADE
VIC1,2020/10/19 23:00:00,4459.7,44.01,TRADE
VIC1,2020/10/19 23:30:00,4677.73,71.62,TRADE
VIC1,2020/10/20 00:00:00,4657.94,47.16,TRADE
VIC1,2020/10/20 00:30:00,4565.54,43.89,TRADE
VIC1,2020/10/20 01:00:00,4446.04,43.25,TRADE
VIC1,2020/10/20 01:30:00,4352.24,43.30,TRADE
VIC1,2020/10/20 02:00:00,4211.5,41.50,TRADE
VIC1,2020/10/20 02:30:00,4115.29,41.78,TRADE
VIC1,2020/10/20 03:00:00,4058.39,39.22,TRADE
VIC1,2020/10/20 03:30:00,3991.78,39.47,TRADE
VIC1,2020/10/20 04:00:00,4049.54,38.21,TRADE
VIC1,2020/10/20 04:30:00,4176.16,41.94,TRADE
VIC1,2020/10/20 05:00:00,4331.06,44.57,TRADE
VIC1,2020/10/20 05:30:00,4737.18,60.82,TRADE
VIC1,2020/10/20 06:00:00,5096.26,70.49,TRADE
VIC1,2020/10/20 06:30:00,5489.49,78.02,TRADE
VIC1,2020/10/20 07:00:00,5674.18,70.49,TRADE
VIC1,2020/10/20 07:30:00,5472.35,45.07,TRADE
VIC1,2020/10/20 08:00:00,5336.89,73.63,TRADE
VIC1,2020/10/20 08:30:00,5156.42,42.57,TRADE
VIC1,2020/10/20 09:00:00,4940.8,45.22,TRADE
VIC1,2020/10/20 09:30:00,4822.93,46.30,TRADE
VIC1,2020/10/20 10:00:00,4746.1,53.16,TRADE
VIC1,2020/10/20 10:30:00,4650.64,62.33,TRADE
VIC1,2020/10/20 11:00:00,4596.07,56.16,TRADE
VIC1,2020/10/20 11:30:00,4514.81,49.99,TRADE
VIC1,2020/10/20 12:00:00,4417.16,53.48,TRADE
VIC1,2020/10/20 12:30:00,4215.01,38.60,TRADE
VIC1,2020/10/20 13:00:00,4080.57,36.62,TRADE
VIC1,2020/10/20 13:30:00,3986.16,35.21,TRADE
VIC1,2020/10/20 14:00:00,3989.8,36.46,TRADE
VIC1,2020/10/20 14:30:00,4005.42,37.34,TRADE
VIC1,2020/10/20 15:00:00,4116.21,38.16,TRADE
VIC1,2020/10/20 15:30:00,4199.38,38.71,TRADE
VIC1,2020/10/20 16:00:00,4375.14,39.98,TRADE
VIC1,2020/10/20 16:30:00,4618.49,42.19,TRADE
VIC1,2020/10/20 17:00:00,4887.78,57.93,TRADE
VIC1,2020/10/20 17:30:00,5145.63,65.20,TRADE
VIC1,2020/10/20 18:00:00,5290.41,186.91,TRADE
VIC1,2020/10/20 18:30:00,5270.42,225.54,TRADE
VIC1,2020/10/20 19:00:00,5346.07,206.76,TRADE
VIC1,2020/10/20 19:30:00,5376.95,84.38,TRADE
VIC1,2020/10/20 20:00:00,5310.35,72.63,TRADE
VIC1,2020/10/20 20:30:00,5157.08,66.92,TRADE
VIC1,2020/10/20 21:00:00,4970.64,71.27,TRADE
VIC1,2020/10/20 21:30:00,4780.93,106.43,TRADE
VIC1,2020/10/20 22:00:00,4573.58,59.82,TRADE
VIC1,2020/10/20 22:30:00,4476.97,66.65,TRADE
VIC1,2020/10/20 23:00:00,4394.41,54.71,TRADE
VIC1,2020/10/20 23:30:00,4610.78,61.82,TRADE
VIC1,2020/10/21 00:00:00,4567.89,92.08,TRADE
VIC1,2020/10/21 00:30:00,4475.61,54.69,TRADE
VIC1,2020/10/21 01:00:00,4332.06,52.50,TRADE
VIC1,2020/10/21 01:30:00,4250.95,58.66,TRADE
VIC1,2020/10/21 02:00:00,4107.46,57.39,TRADE
VIC1,2020/10/21 02:30:00,4028.92,58.07,TRADE
VIC1,2020/10/21 03:00:00,3972.82,59.94,TRADE
VIC1,2020/10/21 03:30:00,3968.91,58.11,TRADE
VIC1,2020/10/21 04:00:00,3964.21,64.40,TRADE
VIC1,2020/10/21 04:30:00,4072.36,87.74,TRADE
VIC1,2020/10/21 05:00:00,4230.04,150.26,TRADE
VIC1,2020/10/21 05:30:00,4578,249.86,TRADE
VIC1,2020/10/21 06:00:00,4861.78,222.62,TRADE
VIC1,2020/10/21 06:30:00,5245.95,311.33,TRADE
VIC1,2020/10/21 07:00:00,5383.82,301.80,TRADE
VIC1,2020/10/21 07:30:00,5229.47,177.98,TRADE
VIC1,2020/10/21 08:00:00,5136.8,56.86,TRADE
VIC1,2020/10/21 08:30:00,5006.42,50.84,TRADE
VIC1,2020/10/21 09:00:00,4820.61,53.68,TRADE
VIC1,2020/10/21 09:30:00,4644.33,45.35,TRADE
VIC1,2020/10/21 10:00:00,4510.12,40.77,TRADE
VIC1,2020/10/21 10:30:00,4424.16,42.10,TRADE
VIC1,2020/10/21 11:00:00,4332.91,42.12,TRADE
VIC1,2020/10/21 11:30:00,4259.92,46.31,TRADE
VIC1,2020/10/21 12:00:00,4179.84,43.64,TRADE
VIC1,2020/10/21 12:30:00,4060.29,40.08,TRADE
VIC1,2020/10/21 13:00:00,3995.04,40.08,TRADE
VIC1,2020/10/21 13:30:00,3964.08,42.22,TRADE
VIC1,2020/10/21 14:00:00,4012.79,50.11,TRADE
VIC1,2020/10/21 14:30:00,4078.36,56.47,TRADE
VIC1,2020/10/21 15:00:00,4182.33,49.07,TRADE
VIC1,2020/10/21 15:30:00,4304.4,48.44,TRADE
VIC1,2020/10/21 16:00:00,4427.09,44.25,TRADE
VIC1,2020/10/21 16:30:00,4620.65,41.38,TRADE
VIC1,2020/10/21 17:00:00,4858.95,58.03,TRADE
VIC1,2020/10/21 17:30:00,5079.51,59.54,TRADE
VIC1,2020/10/21 18:00:00,5136.24,59.57,TRADE
VIC1,2020/10/21 18:30:00,5195.6,140.60,TRADE
VIC1,2020/10/21 19:00:00,5233.18,187.29,TRADE
VIC1,2020/10/21 19:30:00,5229.14,62.89,TRADE
VIC1,2020/10/21 20:00:00,5151.39,67.20,TRADE
VIC1,2020/10/21 20:30:00,4976.85,45.83,TRADE
VIC1,2020/10/21 21:00:00,4810.94,47.52,TRADE
VIC1,2020/10/21 21:30:00,4636.07,44.08,TRADE
VIC1,2020/10/21 22:00:00,4466.79,44.18,TRADE
VIC1,2020/10/21 22:30:00,4332.06,61.92,TRADE
VIC1,2020/10/21 23:00:00,4265.35,48.87,TRADE
VIC1,2020/10/21 23:30:00,4499.3,55.57,TRADE
VIC1,2020/10/22 00:00:00,4493.6,50.67,TRADE
VIC1,2020/10/22 00:30:00,4382.78,48.98,TRADE
VIC1,2020/10/22 01:00:00,4294.18,43.01,TRADE
VIC1,2020/10/22 01:30:00,4218.32,38.85,TRADE
VIC1,2020/10/22 02:00:00,4078.74,40.47,TRADE
VIC1,2020/10/22 02:30:00,4003.02,40.67,TRADE
VIC1,2020/10/22 03:00:00,3933.74,39.18,TRADE
VIC1,2020/10/22 03:30:00,3936.04,46.09,TRADE
VIC1,2020/10/22 04:00:00,3951.5,49.11,TRADE
VIC1,2020/10/22 04:30:00,4105.71,51.82,TRADE
VIC1,2020/10/22 05:00:00,4267.42,50.79,TRADE
VIC1,2020/10/22 05:30:00,4582.56,52.89,TRADE
VIC1,2020/10/22 06:00:00,4867.37,224.51,TRADE
VIC1,2020/10/22 06:30:00,5200.97,59.44,TRADE
VIC1,2020/10/22 07:00:00,5373.68,66.18,TRADE
VIC1,2020/10/22 07:30:00,5219.21,49.88,TRADE
VIC1,2020/10/22 08:00:00,5021.39,48.78,TRADE
VIC1,2020/10/22 08:30:00,4823.42,52.32,TRADE
VIC1,2020/10/22 09:00:00,4593.82,42.63,TRADE
VIC1,2020/10/22 09:30:00,4365.39,42.43,TRADE
VIC1,2020/10/22 10:00:00,4184.65,38.72,TRADE
VIC1,2020/10/22 10:30:00,4118.54,40.74,TRADE
VIC1,2020/10/22 11:00:00,4075.63,45.56,TRADE
VIC1,2020/10/22 11:30:00,3865.61,38.14,TRADE
VIC1,2020/10/22 12:00:00,3811.48,38.10,TRADE
VIC1,2020/10/22 12:30:00,3741.7,42.46,TRADE
VIC1,2020/10/22 13:00:00,3707.75,53.75,TRADE
VIC1,2020/10/22 13:30:00,3685.49,60,TRADE
VIC1,2020/10/22 14:00:00,3718.8,57.99,TRADE
VIC1,2020/10/22 14:30:00,3746.5,50.69,TRADE
VIC1,2020/10/22 15:00:00,3928.38,57.69,TRADE
VIC1,2020/10/22 15:30:00,4086.53,55.44,TRADE
VIC1,2020/10/22 16:00:00,4310.1,48.83,TRADE
VIC1,2020/10/22 16:30:00,4440.51,48.77,TRADE
VIC1,2020/10/22 17:00:00,4654.88,160.24,TRADE
VIC1,2020/10/22 17:30:00,4806.89,68.49,TRADE
VIC1,2020/10/22 18:00:00,4932.55,70.70,TRADE
VIC1,2020/10/22 18:30:00,4982.39,58.54,TRADE
VIC1,2020/10/22 19:00:00,5027.63,62.23,TRADE
VIC1,2020/10/22 19:30:00,5069.74,56.26,TRADE
VIC1,2020/10/22 20:00:00,4999.03,56.81,TRADE
VIC1,2020/10/22 20:30:00,4865.79,97.20,TRADE
VIC1,2020/10/22 21:00:00,4716.07,46.53,TRADE
VIC1,2020/10/22 21:30:00,4552.35,38.79,TRADE
VIC1,2020/10/22 22:00:00,4381.96,31.52,TRADE
VIC1,2020/10/22 22:30:00,4274.85,47.29,TRADE
VIC1,2020/10/22 23:00:00,4224.19,44.19,TRADE
VIC1,2020/10/22 23:30:00,4457.04,49.99,TRADE
VIC1,2020/10/23 00:00:00,4431.04,47.77,TRADE
VIC1,2020/10/23 00:30:00,4278.44,46.78,TRADE
VIC1,2020/10/23 01:00:00,4142.14,42.81,TRADE
VIC1,2020/10/23 01:30:00,4029.8,42.74,TRADE
VIC1,2020/10/23 02:00:00,3912.59,39.79,TRADE
VIC1,2020/10/23 02:30:00,3815.99,42.57,TRADE
VIC1,2020/10/23 03:00:00,3724.09,39.62,TRADE
VIC1,2020/10/23 03:30:00,3707.47,39.05,TRADE
VIC1,2020/10/23 04:00:00,3733.97,40.35,TRADE
VIC1,2020/10/23 04:30:00,3754.34,41.46,TRADE
VIC1,2020/10/23 05:00:00,3786.29,42.49,TRADE
VIC1,2020/10/23 05:30:00,3926.96,49.59,TRADE
VIC1,2020/10/23 06:00:00,3976.76,61.68,TRADE
VIC1,2020/10/23 06:30:00,4159.56,64.08,TRADE
VIC1,2020/10/23 07:00:00,4285.38,73.11,TRADE
VIC1,2020/10/23 07:30:00,4352.86,122.97,TRADE
VIC1,2020/10/23 08:00:00,4372.36,92.22,TRADE
VIC1,2020/10/23 08:30:00,4442.98,110.41,TRADE
VIC1,2020/10/23 09:00:00,4487.29,68.35,TRADE
VIC1,2020/10/23 09:30:00,4385.49,49.49,TRADE
VIC1,2020/10/23 10:00:00,4257.97,53.78,TRADE
VIC1,2020/10/23 10:30:00,4097.13,52.99,TRADE
VIC1,2020/10/23 11:00:00,3998.55,41.34,TRADE
VIC1,2020/10/23 11:30:00,3962.84,44.57,TRADE
VIC1,2020/10/23 12:00:00,3888.64,47.01,TRADE
VIC1,2020/10/23 12:30:00,4023.57,58.63,TRADE
VIC1,2020/10/23 13:00:00,4014.36,58.25,TRADE
VIC1,2020/10/23 13:30:00,3953.22,66.48,TRADE
VIC1,2020/10/23 14:00:00,3961.76,60.56,TRADE
VIC1,2020/10/23 14:30:00,3924.14,106.94,TRADE
VIC1,2020/10/23 15:00:00,4005.04,59.93,TRADE
VIC1,2020/10/23 15:30:00,4202.36,63.79,TRADE
VIC1,2020/10/23 16:00:00,4388.21,32.47,TRADE
VIC1,2020/10/23 16:30:00,4605.01,55.39,TRADE
VIC1,2020/10/23 17:00:00,4789.82,58.42,TRADE
VIC1,2020/10/23 17:30:00,4866.9,37.98,TRADE
VIC1,2020/10/23 18:00:00,4852.15,38.16,TRADE
VIC1,2020/10/23 18:30:00,4779.48,47.25,TRADE
VIC1,2020/10/23 19:00:00,4768.16,26.39,TRADE
VIC1,2020/10/23 19:30:00,4736.39,45.98,TRADE
VIC1,2020/10/23 20:00:00,4648.55,107.39,TRADE
VIC1,2020/10/23 20:30:00,4486.26,99.60,TRADE
VIC1,2020/10/23 21:00:00,4347.64,47.11,TRADE
VIC1,2020/10/23 21:30:00,4266.86,52.81,TRADE
VIC1,2020/10/23 22:00:00,4177.91,47.20,TRADE
VIC1,2020/10/23 22:30:00,4088.29,58.92,TRADE
VIC1,2020/10/23 23:00:00,4030.35,45.22,TRADE
VIC1,2020/10/23 23:30:00,4234.36,54.49,TRADE
VIC1,2020/10/24 00:00:00,4266.99,49.33,TRADE
VIC1,2020/10/24 00:30:00,4135.15,42.32,TRADE
VIC1,2020/10/24 01:00:00,3997.46,20.37,TRADE
VIC1,2020/10/24 01:30:00,3891.84,8.93,TRADE
VIC1,2020/10/24 02:00:00,3690.62,10.52,TRADE
VIC1,2020/10/24 02:30:00,3584.94,3.72,TRADE
VIC1,2020/10/24 03:00:00,3480.02,5.17,TRADE
VIC1,2020/10/24 03:30:00,3437.23,8.91,TRADE
VIC1,2020/10/24 04:00:00,3399.02,6.41,TRADE
VIC1,2020/10/24 04:30:00,3379.39,-5.67,TRADE
VIC1,2020/10/24 05:00:00,3458.57,-0.79,TRADE
VIC1,2020/10/24 05:30:00,3540.07,8.89,TRADE
VIC1,2020/10/24 06:00:00,3607.11,10.45,TRADE
VIC1,2020/10/24 06:30:00,3748.77,10.28,TRADE
VIC1,2020/10/24 07:00:00,3965.73,40.16,TRADE
VIC1,2020/10/24 07:30:00,4051.89,34.50,TRADE
VIC1,2020/10/24 08:00:00,4194.91,44.64,TRADE
VIC1,2020/10/24 08:30:00,4291.51,27.04,TRADE
VIC1,2020/10/24 09:00:00,4402.82,49.80,TRADE
VIC1,2020/10/24 09:30:00,4378.4,43.08,TRADE
VIC1,2020/10/24 10:00:00,4365.93,37.49,TRADE
VIC1,2020/10/24 10:30:00,4382.19,44.26,TRADE
VIC1,2020/10/24 11:00:00,4366.36,37.32,TRADE
VIC1,2020/10/24 11:30:00,4349.37,35.33,TRADE
VIC1,2020/10/24 12:00:00,4196.94,26.45,TRADE
VIC1,2020/10/24 12:30:00,4027.16,-1.85,TRADE
VIC1,2020/10/24 13:00:00,3886.47,1.87,TRADE
VIC1,2020/10/24 13:30:00,3810.74,-1.09,TRADE
VIC1,2020/10/24 14:00:00,3632.37,-24.63,TRADE
VIC1,2020/10/24 14:30:00,3591.25,-16.36,TRADE
VIC1,2020/10/24 15:00:00,3696.52,21.42,TRADE
VIC1,2020/10/24 15:30:00,3895.69,31.99,TRADE
VIC1,2020/10/24 16:00:00,4027.29,34.23,TRADE
VIC1,2020/10/24 16:30:00,4170.41,28.07,TRADE
VIC1,2020/10/24 17:00:00,4323.32,29.14,TRADE
VIC1,2020/10/24 17:30:00,4586.51,41.31,TRADE
VIC1,2020/10/24 18:00:00,4679.28,53.20,TRADE
VIC1,2020/10/24 18:30:00,4828.78,81.05,TRADE
VIC1,2020/10/24 19:00:00,4785.54,47.44,TRADE
VIC1,2020/10/24 19:30:00,4940.99,99.53,TRADE
VIC1,2020/10/24 20:00:00,4723.59,55.67,TRADE
VIC1,2020/10/24 20:30:00,4759.03,55.11,TRADE
VIC1,2020/10/24 21:00:00,4639.26,44.72,TRADE
VIC1,2020/10/24 21:30:00,4577.74,45.05,TRADE
VIC1,2020/10/24 22:00:00,4467.58,41.68,TRADE
VIC1,2020/10/24 22:30:00,4393.88,48.55,TRADE
VIC1,2020/10/24 23:00:00,4273.94,44.55,TRADE
VIC1,2020/10/24 23:30:00,4402.34,41.02,TRADE
VIC1,2020/10/25 00:00:00,4324.16,40.34,TRADE
VIC1,2020/10/25 00:30:00,4173.16,39.92,TRADE
VIC1,2020/10/25 01:00:00,4036.9,38.29,TRADE
VIC1,2020/10/25 01:30:00,3931.01,42.15,TRADE
VIC1,2020/10/25 02:00:00,3727.09,38.67,TRADE
VIC1,2020/10/25 02:30:00,3639.54,37.43,TRADE
VIC1,2020/10/25 03:00:00,3581.88,36.41,TRADE
VIC1,2020/10/25 03:30:00,3513.43,34.52,TRADE
VIC1,2020/10/25 04:00:00,3511.9,35.84,TRADE
VIC1,2020/10/25 04:30:00,3537.5,34.05,TRADE
VIC1,2020/10/25 05:00:00,3583.06,34.37,TRADE
VIC1,2020/10/25 05:30:00,3634.38,36.47,TRADE
VIC1,2020/10/25 06:00:00,3713.04,35.47,TRADE
VIC1,2020/10/25 06:30:00,3759.25,28.13,TRADE
VIC1,2020/10/25 07:00:00,3854.71,32.44,TRADE
VIC1,2020/10/25 07:30:00,3747.41,18.68,TRADE
VIC1,2020/10/25 08:00:00,3677.14,-1.68,TRADE
VIC1,2020/10/25 08:30:00,3580.36,-27.90,TRADE
VIC1,2020/10/25 09:00:00,3455.78,-16.87,TRADE
VIC1,2020/10/25 09:30:00,3386.55,-8.60,TRADE
VIC1,2020/10/25 10:00:00,3288.23,-12.93,TRADE
VIC1,2020/10/25 10:30:00,3163.37,-23.70,TRADE
VIC1,2020/10/25 11:00:00,3256.57,-0.22,TRADE
VIC1,2020/10/25 11:30:00,3344.82,-8.96,TRADE
VIC1,2020/10/25 12:00:00,3446.94,6.21,TRADE
VIC1,2020/10/25 12:30:00,3461.57,-2.13,TRADE
VIC1,2020/10/25 13:00:00,3472.62,-4.82,TRADE
VIC1,2020/10/25 13:30:00,3536.11,24.35,TRADE
VIC1,2020/10/25 14:00:00,3599.03,-14.95,TRADE
VIC1,2020/10/25 14:30:00,3724.78,24.53,TRADE
VIC1,2020/10/25 15:00:00,3846.15,15.47,TRADE
VIC1,2020/10/25 15:30:00,3996.76,14.27,TRADE
VIC1,2020/10/25 16:00:00,4176.13,26.24,TRADE
VIC1,2020/10/25 16:30:00,4417.69,31.84,TRADE
VIC1,2020/10/25 17:00:00,4713.17,36.83,TRADE
VIC1,2020/10/25 17:30:00,4920.24,49.24,TRADE
VIC1,2020/10/25 18:00:00,4990.06,34.20,TRADE
VIC1,2020/10/25 18:30:00,5016.26,28.97,TRADE
VIC1,2020/10/25 19:00:00,5087.01,56.41,TRADE
VIC1,2020/10/25 19:30:00,5115.52,51.76,TRADE
VIC1,2020/10/25 20:00:00,5055.33,67.27,TRADE
VIC1,2020/10/25 20:30:00,4883.05,48.16,TRADE
VIC1,2020/10/25 21:00:00,4708.94,44.23,TRADE
VIC1,2020/10/25 21:30:00,4530.33,35,TRADE
VIC1,2020/10/25 22:00:00,4327.86,35.31,TRADE
VIC1,2020/10/25 22:30:00,4164.42,37.78,TRADE
VIC1,2020/10/25 23:00:00,4091.25,35.99,TRADE
VIC1,2020/10/25 23:30:00,4283.32,41.63,TRADE
VIC1,2020/10/26 00:00:00,4254.96,43.49,TRADE
VIC1,2020/10/26 00:30:00,4128.23,39.97,TRADE
VIC1,2020/10/26 01:00:00,4036.71,38.21,TRADE
VIC1,2020/10/26 01:30:00,3969.91,37.69,TRADE
VIC1,2020/10/26 02:00:00,3835.1,26.78,TRADE
VIC1,2020/10/26 02:30:00,3758.42,13.64,TRADE
VIC1,2020/10/26 03:00:00,3696.23,27.65,TRADE
VIC1,2020/10/26 03:30:00,3643.67,19.32,TRADE
VIC1,2020/10/26 04:00:00,3666.79,24.01,TRADE
VIC1,2020/10/26 04:30:00,3763.49,12.62,TRADE
VIC1,2020/10/26 05:00:00,3966.09,35.52,TRADE
VIC1,2020/10/26 05:30:00,4374.5,43.49,TRADE
VIC1,2020/10/26 06:00:00,4710.11,98.42,TRADE
VIC1,2020/10/26 06:30:00,5120.53,58.32,TRADE
VIC1,2020/10/26 07:00:00,5297.99,218.15,TRADE
VIC1,2020/10/26 07:30:00,5072.46,103.70,TRADE
VIC1,2020/10/26 08:00:00,4842.89,58.08,TRADE
VIC1,2020/10/26 08:30:00,4683.47,52.35,TRADE
VIC1,2020/10/26 09:00:00,4343.81,30.24,TRADE
VIC1,2020/10/26 09:30:00,3980.9,21.39,TRADE
VIC1,2020/10/26 10:00:00,4003.83,26.87,TRADE
VIC1,2020/10/26 10:30:00,3961.66,20.34,TRADE
VIC1,2020/10/26 11:00:00,3855.3,12.88,TRADE
VIC1,2020/10/26 11:30:00,3776.47,10.51,TRADE
VIC1,2020/10/26 12:00:00,3714,11.41,TRADE
VIC1,2020/10/26 12:30:00,3680.73,18.47,TRADE
VIC1,2020/10/26 13:00:00,3674.18,33.32,TRADE
VIC1,2020/10/26 13:30:00,3657.35,20.44,TRADE
VIC1,2020/10/26 14:00:00,3680.92,23.43,TRADE
VIC1,2020/10/26 14:30:00,3674.1,29.53,TRADE
VIC1,2020/10/26 15:00:00,3755.39,34.70,TRADE
VIC1,2020/10/26 15:30:00,3940.76,40.47,TRADE
VIC1,2020/10/26 16:00:00,4106.78,45.91,TRADE
VIC1,2020/10/26 16:30:00,4339.65,37.93,TRADE
VIC1,2020/10/26 17:00:00,4642,32.59,TRADE
VIC1,2020/10/26 17:30:00,4811.11,21.09,TRADE
VIC1,2020/10/26 18:00:00,4972.44,53.40,TRADE
VIC1,2020/10/26 18:30:00,5059.52,44.93,TRADE
VIC1,2020/10/26 19:00:00,5122.65,53.99,TRADE
VIC1,2020/10/26 19:30:00,5177.51,56.49,TRADE
VIC1,2020/10/26 20:00:00,5159.41,66.34,TRADE
VIC1,2020/10/26 20:30:00,4956.34,58.56,TRADE
VIC1,2020/10/26 21:00:00,4751.88,44.69,TRADE
VIC1,2020/10/26 21:30:00,4595.21,47,TRADE
VIC1,2020/10/26 22:00:00,4423.19,40.92,TRADE
VIC1,2020/10/26 22:30:00,4283.08,49.91,TRADE
VIC1,2020/10/26 23:00:00,4160.65,40.92,TRADE
VIC1,2020/10/26 23:30:00,4351.09,43.20,TRADE
VIC1,2020/10/27 00:00:00,4351.37,44.47,TRADE
VIC1,2020/10/27 00:30:00,4225.88,39.45,TRADE
VIC1,2020/10/27 01:00:00,4146.01,39.79,TRADE
VIC1,2020/10/27 01:30:00,4008.35,39.42,TRADE
VIC1,2020/10/27 02:00:00,3928.01,33.20,TRADE
VIC1,2020/10/27 02:30:00,3825.65,32.30,TRADE
VIC1,2020/10/27 03:00:00,3802.21,40.61,TRADE
VIC1,2020/10/27 03:30:00,3759.72,35.11,TRADE
VIC1,2020/10/27 04:00:00,3807.07,40.08,TRADE
VIC1,2020/10/27 04:30:00,3919.06,45.78,TRADE
VIC1,2020/10/27 05:00:00,4128.53,48.23,TRADE
VIC1,2020/10/27 05:30:00,4512.68,66.34,TRADE
VIC1,2020/10/27 06:00:00,4793.11,55.37,TRADE
VIC1,2020/10/27 06:30:00,5140.6,82.63,TRADE
VIC1,2020/10/27 07:00:00,5325.84,134,TRADE
VIC1,2020/10/27 07:30:00,5134.09,71.99,TRADE
VIC1,2020/10/27 08:00:00,5012.92,58.96,TRADE
VIC1,2020/10/27 08:30:00,4881.51,55.34,TRADE
VIC1,2020/10/27 09:00:00,4627.8,58.92,TRADE
VIC1,2020/10/27 09:30:00,4393.44,54.82,TRADE
VIC1,2020/10/27 10:00:00,4242.23,47.34,TRADE
VIC1,2020/10/27 10:30:00,4114.03,45.27,TRADE
VIC1,2020/10/27 11:00:00,4096.64,38.60,TRADE
VIC1,2020/10/27 11:30:00,4129.24,46.03,TRADE
VIC1,2020/10/27 12:00:00,4140.53,39.42,TRADE
VIC1,2020/10/27 12:30:00,4172.26,48.36,TRADE
VIC1,2020/10/27 13:00:00,4137.96,51.36,TRADE
VIC1,2020/10/27 13:30:00,4148.63,58.54,TRADE
VIC1,2020/10/27 14:00:00,4137.55,61.86,TRADE
VIC1,2020/10/27 14:30:00,4096.77,55.32,TRADE
VIC1,2020/10/27 15:00:00,4213.87,55.58,TRADE
VIC1,2020/10/27 15:30:00,4403.87,59.17,TRADE
VIC1,2020/10/27 16:00:00,4533.98,53.94,TRADE
VIC1,2020/10/27 16:30:00,4705.13,46.62,TRADE
VIC1,2020/10/27 17:00:00,4922.25,54.30,TRADE
VIC1,2020/10/27 17:30:00,5054.34,52.40,TRADE
VIC1,2020/10/27 18:00:00,5087.38,53.41,TRADE
VIC1,2020/10/27 18:30:00,5106.54,55.88,TRADE
VIC1,2020/10/27 19:00:00,5101.28,62.10,TRADE
VIC1,2020/10/27 19:30:00,5146.05,60.96,TRADE
VIC1,2020/10/27 20:00:00,5111.84,49.50,TRADE
VIC1,2020/10/27 20:30:00,4949.27,45.78,TRADE
VIC1,2020/10/27 21:00:00,4775.25,43.06,TRADE
VIC1,2020/10/27 21:30:00,4589.57,39.92,TRADE
VIC1,2020/10/27 22:00:00,4396.91,36.90,TRADE
VIC1,2020/10/27 22:30:00,4283.4,45.87,TRADE
VIC1,2020/10/27 23:00:00,4247.71,47.46,TRADE
VIC1,2020/10/27 23:30:00,4436.29,48.92,TRADE
VIC1,2020/10/28 00:00:00,4432.41,49.61,TRADE
VIC1,2020/10/28 00:30:00,4347.24,60,TRADE
VIC1,2020/10/28 01:00:00,4219.62,55.72,TRADE
VIC1,2020/10/28 01:30:00,4146.34,51.16,TRADE
VIC1,2020/10/28 02:00:00,4034.72,47.16,TRADE
VIC1,2020/10/28 02:30:00,3909.44,46.03,TRADE
VIC1,2020/10/28 03:00:00,3878.54,45.20,TRADE
VIC1,2020/10/28 03:30:00,3870.14,44.33,TRADE
VIC1,2020/10/28 04:00:00,3894.51,46.98,TRADE
VIC1,2020/10/28 04:30:00,4035.74,59.90,TRADE
VIC1,2020/10/28 05:00:00,4196.03,67.38,TRADE
VIC1,2020/10/28 05:30:00,4536.91,68.94,TRADE
VIC1,2020/10/28 06:00:00,4840.34,216.51,TRADE
VIC1,2020/10/28 06:30:00,5230.8,74.55,TRADE
VIC1,2020/10/28 07:00:00,5407.99,74.75,TRADE
VIC1,2020/10/28 07:30:00,5289.4,57.42,TRADE
VIC1,2020/10/28 08:00:00,5128.52,54.14,TRADE
VIC1,2020/10/28 08:30:00,4932.32,51.13,TRADE
VIC1,2020/10/28 09:00:00,4605.1,50.88,TRADE
VIC1,2020/10/28 09:30:00,4327.26,43.52,TRADE
VIC1,2020/10/28 10:00:00,4093.58,41.11,TRADE
VIC1,2020/10/28 10:30:00,3976.45,44.47,TRADE
VIC1,2020/10/28 11:00:00,3895.7,43.76,TRADE
VIC1,2020/10/28 11:30:00,3847.86,39.88,TRADE
VIC1,2020/10/28 12:00:00,3840.23,46.36,TRADE
VIC1,2020/10/28 12:30:00,3812.54,45.71,TRADE
VIC1,2020/10/28 13:00:00,3816.75,45.90,TRADE
VIC1,2020/10/28 13:30:00,3869.72,47.21,TRADE
VIC1,2020/10/28 14:00:00,3935.85,59.80,TRADE
VIC1,2020/10/28 14:30:00,3956.62,57.83,TRADE
VIC1,2020/10/28 15:00:00,4034.83,59.96,TRADE
VIC1,2020/10/28 15:30:00,4101.6,63.60,TRADE
VIC1,2020/10/28 16:00:00,4334.18,40.67,TRADE
VIC1,2020/10/28 16:30:00,4559.54,50.12,TRADE
VIC1,2020/10/28 17:00:00,4765.44,136.51,TRADE
VIC1,2020/10/28 17:30:00,4920,97.70,TRADE
VIC1,2020/10/28 18:00:00,5063.88,60.33,TRADE
VIC1,2020/10/28 18:30:00,5095.56,74.74,TRADE
VIC1,2020/10/28 19:00:00,5102.87,79.37,TRADE
VIC1,2020/10/28 19:30:00,5132.74,69.59,TRADE
VIC1,2020/10/28 20:00:00,5084.62,62.51,TRADE
VIC1,2020/10/28 20:30:00,4931.51,62.50,TRADE
VIC1,2020/10/28 21:00:00,4805.6,54.72,TRADE
VIC1,2020/10/28 21:30:00,4660.16,50.11,TRADE
VIC1,2020/10/28 22:00:00,4486.01,43.34,TRADE
VIC1,2020/10/28 22:30:00,4367.94,59.61,TRADE
VIC1,2020/10/28 23:00:00,4326.06,55.35,TRADE
VIC1,2020/10/28 23:30:00,4532.13,60.36,TRADE
VIC1,2020/10/29 00:00:00,4603.05,82.75,TRADE
VIC1,2020/10/29 00:30:00,4409.59,59.46,TRADE
VIC1,2020/10/29 01:00:00,4305.75,55.97,TRADE
VIC1,2020/10/29 01:30:00,4144.13,48.09,TRADE
VIC1,2020/10/29 02:00:00,4007.29,43.45,TRADE
VIC1,2020/10/29 02:30:00,3878.61,39.63,TRADE
VIC1,2020/10/29 03:00:00,3840.56,39.27,TRADE
VIC1,2020/10/29 03:30:00,3814,38.97,TRADE
VIC1,2020/10/29 04:00:00,3868.02,43.59,TRADE
VIC1,2020/10/29 04:30:00,3997.63,48.37,TRADE
VIC1,2020/10/29 05:00:00,4113.89,51.07,TRADE
VIC1,2020/10/29 05:30:00,4420.69,55.84,TRADE
VIC1,2020/10/29 06:00:00,4697.53,56.39,TRADE
VIC1,2020/10/29 06:30:00,5007.89,53.29,TRADE
VIC1,2020/10/29 07:00:00,5076.57,51.79,TRADE
VIC1,2020/10/29 07:30:00,4891.71,47.97,TRADE
VIC1,2020/10/29 08:00:00,4697.58,49.78,TRADE
VIC1,2020/10/29 08:30:00,4538,42.80,TRADE
VIC1,2020/10/29 09:00:00,4303.55,44.13,TRADE
VIC1,2020/10/29 09:30:00,4089.71,33.65,TRADE
VIC1,2020/10/29 10:00:00,3989.13,34.60,TRADE
VIC1,2020/10/29 10:30:00,3928.48,37.49,TRADE
VIC1,2020/10/29 11:00:00,4045.6,38.25,TRADE
VIC1,2020/10/29 11:30:00,4175.29,33.80,TRADE
VIC1,2020/10/29 12:00:00,4296.82,34.35,TRADE
VIC1,2020/10/29 12:30:00,4403.93,47.48,TRADE
VIC1,2020/10/29 13:00:00,4554.5,84.32,TRADE
VIC1,2020/10/29 13:30:00,4697.27,69,TRADE
VIC1,2020/10/29 14:00:00,4714.6,58.84,TRADE
VIC1,2020/10/29 14:30:00,4599.52,49.78,TRADE
VIC1,2020/10/29 15:00:00,4648.97,63.02,TRADE
VIC1,2020/10/29 15:30:00,4773.12,49.49,TRADE
VIC1,2020/10/29 16:00:00,4841.53,37.92,TRADE
VIC1,2020/10/29 16:30:00,4968.07,35.70,TRADE
VIC1,2020/10/29 17:00:00,5166.13,46.55,TRADE
VIC1,2020/10/29 17:30:00,5207.13,48.33,TRADE
VIC1,2020/10/29 18:00:00,5241.38,53.55,TRADE
VIC1,2020/10/29 18:30:00,5218.53,57.70,TRADE
VIC1,2020/10/29 19:00:00,5179.87,78.82,TRADE
VIC1,2020/10/29 19:30:00,5151.15,93.71,TRADE
VIC1,2020/10/29 20:00:00,5075.1,69.91,TRADE
VIC1,2020/10/29 20:30:00,4954.07,55.96,TRADE
VIC1,2020/10/29 21:00:00,4775.45,51.49,TRADE
VIC1,2020/10/29 21:30:00,4621.36,55.22,TRADE
VIC1,2020/10/29 22:00:00,4446.18,47.98,TRADE
VIC1,2020/10/29 22:30:00,4353.45,54.33,TRADE
VIC1,2020/10/29 23:00:00,4293.65,51.07,TRADE
VIC1,2020/10/29 23:30:00,4479.59,56.93,TRADE
VIC1,2020/10/30 00:00:00,4454.78,54.41,TRADE
VIC1,2020/10/30 00:30:00,4324.78,47.32,TRADE
VIC1,2020/10/30 01:00:00,4222.34,43.99,TRADE
VIC1,2020/10/30 01:30:00,4120.86,42.96,TRADE
VIC1,2020/10/30 02:00:00,3964.18,45.49,TRADE
VIC1,2020/10/30 02:30:00,3842.67,41.42,TRADE
VIC1,2020/10/30 03:00:00,3747.53,41.13,TRADE
VIC1,2020/10/30 03:30:00,3786.63,41.19,TRADE
VIC1,2020/10/30 04:00:00,3800.97,41.18,TRADE
VIC1,2020/10/30 04:30:00,3903.64,47.44,TRADE
VIC1,2020/10/30 05:00:00,4068.16,57.15,TRADE
VIC1,2020/10/30 05:30:00,4392.39,71.89,TRADE
VIC1,2020/10/30 06:00:00,4640.37,44.03,TRADE
VIC1,2020/10/30 06:30:00,4920.12,49.26,TRADE
VIC1,2020/10/30 07:00:00,5119.42,54.67,TRADE
VIC1,2020/10/30 07:30:00,5017.62,93.04,TRADE
VIC1,2020/10/30 08:00:00,4926.32,47.01,TRADE
VIC1,2020/10/30 08:30:00,4811.15,45.44,TRADE
VIC1,2020/10/30 09:00:00,4643.68,65.51,TRADE
VIC1,2020/10/30 09:30:00,4476.51,60.16,TRADE
VIC1,2020/10/30 10:00:00,4047.76,34.74,TRADE
VIC1,2020/10/30 10:30:00,4016.08,40.67,TRADE
VIC1,2020/10/30 11:00:00,4224.54,38.50,TRADE
VIC1,2020/10/30 11:30:00,4122.97,33.96,TRADE
VIC1,2020/10/30 12:00:00,3923.36,28.99,TRADE
VIC1,2020/10/30 12:30:00,3810.98,29.11,TRADE
VIC1,2020/10/30 13:00:00,3755.36,27.55,TRADE
VIC1,2020/10/30 13:30:00,3756.66,34.56,TRADE
VIC1,2020/10/30 14:00:00,3738.59,33.61,TRADE
VIC1,2020/10/30 14:30:00,3763.61,33.48,TRADE
VIC1,2020/10/30 15:00:00,3918.28,34.73,TRADE
VIC1,2020/10/30 15:30:00,4053.27,32.39,TRADE
VIC1,2020/10/30 16:00:00,4179.62,38.54,TRADE
VIC1,2020/10/30 16:30:00,4281.28,31.79,TRADE
VIC1,2020/10/30 17:00:00,4505.22,48.63,TRADE
VIC1,2020/10/30 17:30:00,4649.94,38.07,TRADE
VIC1,2020/10/30 18:00:00,4618.16,35.86,TRADE
VIC1,2020/10/30 18:30:00,4656.9,39,TRADE
VIC1,2020/10/30 19:00:00,4679.84,40.70,TRADE
VIC1,2020/10/30 19:30:00,4707.76,39.91,TRADE
VIC1,2020/10/30 20:00:00,4681.9,51.99,TRADE
VIC1,2020/10/30 20:30:00,4554.63,46.43,TRADE
VIC1,2020/10/30 21:00:00,4410.95,39.76,TRADE
VIC1,2020/10/30 21:30:00,4280.41,36.41,TRADE
VIC1,2020/10/30 22:00:00,4142.52,36.23,TRADE
VIC1,2020/10/30 22:30:00,3999.71,44.66,TRADE
VIC1,2020/10/30 23:00:00,3998.97,42.25,TRADE
VIC1,2020/10/30 23:30:00,4213.04,59.08,TRADE
VIC1,2020/10/31 00:00:00,4144.32,56.01,TRADE
VIC1,2020/10/31 00:30:00,4019.89,47.63,TRADE
VIC1,2020/10/31 01:00:00,3888.01,47.19,TRADE
VIC1,2020/10/31 01:30:00,3795.87,44.58,TRADE
VIC1,2020/10/31 02:00:00,3697.61,43.71,TRADE
VIC1,2020/10/31 02:30:00,3644.98,42.67,TRADE
VIC1,2020/10/31 03:00:00,3566.46,43.16,TRADE
VIC1,2020/10/31 03:30:00,3560.14,40.49,TRADE
VIC1,2020/10/31 04:00:00,3560.36,41.25,TRADE
VIC1,2020/10/31 04:30:00,3610.76,43.89,TRADE
VIC1,2020/10/31 05:00:00,3674.64,45.53,TRADE
VIC1,2020/10/31 05:30:00,3825.01,49.81,TRADE
VIC1,2020/10/31 06:00:00,3871.6,52.74,TRADE
VIC1,2020/10/31 06:30:00,4018,67.65,TRADE
VIC1,2020/10/31 07:00:00,4108,56.79,TRADE
VIC1,2020/10/31 07:30:00,4118.97,46.60,TRADE
VIC1,2020/10/31 08:00:00,4109.98,42.63,TRADE
VIC1,2020/10/31 08:30:00,4117.69,47.21,TRADE
VIC1,2020/10/31 09:00:00,4074.4,32.41,TRADE
VIC1,2020/10/31 09:30:00,4102.15,39.86,TRADE
VIC1,2020/10/31 10:00:00,4051.41,36.25,TRADE
VIC1,2020/10/31 10:30:00,3961.31,37.94,TRADE
VIC1,2020/10/31 11:00:00,3931.94,40.47,TRADE
VIC1,2020/10/31 11:30:00,3895.75,40.51,TRADE
VIC1,2020/10/31 12:00:00,3861.09,44.76,TRADE
VIC1,2020/10/31 12:30:00,3880.27,49.10,TRADE
VIC1,2020/10/31 13:00:00,3857.23,44.50,TRADE
VIC1,2020/10/31 13:30:00,3813.93,34.79,TRADE
VIC1,2020/10/31 14:00:00,3806.63,40.58,TRADE
VIC1,2020/10/31 14:30:00,3849.41,46.62,TRADE
VIC1,2020/10/31 15:00:00,3880.78,44.83,TRADE
VIC1,2020/10/31 15:30:00,3975.43,47.77,TRADE
VIC1,2020/10/31 16:00:00,4023.93,43.95,TRADE
VIC1,2020/10/31 16:30:00,4061.64,43.81,TRADE
VIC1,2020/10/31 17:00:00,4254.77,45.92,TRADE
VIC1,2020/10/31 17:30:00,4467.86,58.73,TRADE
VIC1,2020/10/31 18:00:00,4546.95,59.12,TRADE
VIC1,2020/10/31 18:30:00,4638.36,59.13,TRADE
VIC1,2020/10/31 19:00:00,4668.61,60.37,TRADE
VIC1,2020/10/31 19:30:00,4711.65,59.71,TRADE
VIC1,2020/10/31 20:00:00,4727.88,59.35,TRADE
VIC1,2020/10/31 20:30:00,4707.57,60.72,TRADE
VIC1,2020/10/31 21:00:00,4545.92,55.60,TRADE
VIC1,2020/10/31 21:30:00,4469.06,56.90,TRADE
VIC1,2020/10/31 22:00:00,4371.16,44.13,TRADE
VIC1,2020/10/31 22:30:00,4231.38,45.91,TRADE
VIC1,2020/10/31 23:00:00,4200.92,44.14,TRADE
VIC1,2020/10/31 23:30:00,4401.31,57.43,TRADE
VIC1,2020/11/01 00:00:00,4357.6,63.47,TRADE
